entry_id,title_normalized,title_display,media_type,franchise,season_set,part_volume,disc_start,disc_end,disc_count,storage_type,container_name,slot_start,slot_end,location_detail,format,label_raw,title_match_status,tmdb_id,tmdb_media_type,poster_path,release_year,match_confidence,notes,,
C-030-035,babylon_5,Babylon 5,tv,Babylon 5,1,,1,6,6,discgear,Container C,30,35,,disc,"Babylon 5 #1, D-1 through D-6",unmatched,,,,,,Grouped contiguous season set,,
C-036-041,babylon_5,Babylon 5,tv,Babylon 5,2,,1,6,6,discgear,Container C,36,41,,disc,"Babylon 5 #2, D-1 through D-6",unmatched,,,,,,Grouped contiguous season set,,
C-042-046,babylon_5,Babylon 5,tv,Babylon 5,3,,1,5,5,discgear,Container C,42,46,,disc,"Babylon 5 #3, D-1 through D-5",unmatched,,,,,,Slot 47 not visible in provided batch,,
C-048-053,babylon_5,Babylon 5,tv,Babylon 5,4,,1,6,6,discgear,Container C,48,53,,disc,"Babylon 5 #4, D-1 through D-6",unmatched,,,,,,Grouped contiguous season set,,
C-054-059,babylon_5,Babylon 5,tv,Babylon 5,5,,1,6,6,discgear,Container C,54,59,,disc,"Babylon 5 #5, D-1 through D-6",unmatched,,,,,,Grouped contiguous season set,,
C-060-064,babylon_5_movie_set,Babylon 5,tv,Babylon 5,Movies,,1,5,5,discgear,Container C,60,64,,disc,"Babylon 5 movie, D-1 through D-5",unmatched,,,,,,Movie/special disc grouping,,
C-065-069,battlestar_galactica,Battlestar Galactica,tv,Battlestar Galactica,1,,1,5,5,discgear,Container C,65,69,,disc,"Btl* Glctica #1, D-1 through D-5",unmatched,,,,,,Normalized abbreviated label,,
C-070-072,battlestar_galactica,Battlestar Galactica,tv,Battlestar Galactica,2,,1,3,3,discgear,Container C,70,72,,disc,"Btl* Glctica #2.0, D-1 through D-3",unmatched,,,,,,Likely season/set 2.0,,
C-073-075,battlestar_galactica,Battlestar Galactica,tv,Battlestar Galactica,2.5,,1,3,3,discgear,Container C,73,75,,disc,"Btl* Glctica #2.5, D-1 through D-3",unmatched,,,,,,Likely season/set 2.5,,
C-076-081,battlestar_galactica,Battlestar Galactica,tv,Battlestar Galactica,3,,1,6,6,discgear,Container C,76,81,,disc,"Btl* Glctica #3, D-1 through D-6",unmatched,,,,,,Grouped contiguous season set,,
C-082-085,battlestar_galactica,Battlestar Galactica,tv,Battlestar Galactica,4,,1,4,4,discgear,Container C,82,85,,disc,"Btl* Glctica #4, D-1 through D-4",unmatched,,,,,,Only discs 1-4 visible in provided batch,,
C-086-088,the_dresden_files,The Dresden Files,tv,The Dresden Files,1,,1,3,3,discgear,Container C,86,88,,disc,"Dresden Files, D-1 through D-3",unmatched,,,,,,Season/set inferred as single series set,,
C-089-095,fringe,Fringe,tv,Fringe,1,,1,7,7,discgear,Container C,89,95,,disc,"Fringe #1, D-1 through D-7",unmatched,,,,,,Grouped contiguous season set,,
C-017-022,fringe,Fringe,tv,Fringe,2,,1,6,6,discgear,Container C,17,22,,disc,"Fringe #2, D-1 through D-6",unmatched,,,,,,Grouped contiguous season set,,
C-011-016,fringe,Fringe,tv,Fringe,3,,1,6,6,discgear,Container C,11,16,,disc,"Fringe #3, D-1 through D-6",unmatched,,,,,,Grouped contiguous season set,,
C-005-010,fringe,Fringe,tv,Fringe,4,,1,6,6,discgear,Container C,5,10,,disc,"Fringe #4, D-1 through D-6",unmatched,,,,,,Grouped contiguous season set,,
C-001-004,fringe,Fringe,tv,Fringe,5,,1,4,4,discgear,Container C,1,4,,disc,"Fringe #5, D-1 through D-4",unmatched,,,,,,Grouped contiguous season set,,
C-098-098,resident_evil_degeneration,Resident Evil: Degeneration,movie,Resident Evil,,,1,1,1,discgear,Container C,98,98,,disc,Resident Evil: Degeneration,unmatched,,,,,,Single-title entry,,
C-099-099,my_blueberry_nights,My Blueberry Nights,movie,,,,1,1,1,discgear,Container C,99,99,,disc,My Blueberry Nights,unmatched,,,,,,Single-title entry,,
C-096-096,babylon_5_the_lost_tales,Babylon 5: The Lost Tales,movie,Babylon 5,,,1,1,1,discgear,Container C,96,96,,disc,Babylon 5: The Lost Tales,unmatched,,,,,,Single-title special,,
C-097-097,babylon_5_rangers,Babylon 5: The Legend of the Rangers,movie,Babylon 5,,,1,1,1,discgear,Container C,97,97,,disc,Babylon 5: Rangers,unmatched,,,,,,Normalized full title,,
C-100-100,babylon_5_the_gathering,Babylon 5: The Gathering,movie,Babylon 5,,,1,1,1,discgear,Container C,100,100,,disc,Babylon 5: The Gathering,unmatched,,,,,,Single-title special,,
B-001-001,ghost_town,Ghost Town,movie,,,,1,1,1,discgear,Container B,1,1,,disc,Ghost Town,unmatched,,,,,,Single-title entry,,
B-002-002,push,Push,movie,,,,1,1,1,discgear,Container B,2,2,,disc,Push,unmatched,,,,,,Single-title entry,,
B-003-003,horton_hears_a_who,Horton Hears a Who!,movie,,,,1,1,1,discgear,Container B,3,3,,disc,Horton Hears a Who,unmatched,,,,,,Single-title entry,,
B-004-004,the_game_plan,The Game Plan,movie,,,,1,1,1,discgear,Container B,4,4,,disc,"Game Plan, The",unmatched,,,,,,Single-title entry,,
B-005-005,monster_house,Monster House,movie,,,,1,1,1,discgear,Container B,5,5,,disc,Monster House,unmatched,,,,,,Single-title entry,,
B-006-006,youve_got_mail,You've Got Mail,movie,,,,1,1,1,discgear,Container B,6,6,,disc,You've Got Mail,unmatched,,,,,,Single-title entry,,
B-007-007,young_guns,Young Guns,movie,,,,1,1,1,discgear,Container B,7,7,,disc,Young Guns,unmatched,,,,,,Single-title entry,,
B-008-008,young_guns_2,Young Guns II,movie,Young Guns,,,1,1,1,discgear,Container B,8,8,,disc,Young Guns 2,unmatched,,,,,,Single-title sequel,,
B-009-009,world_trade_center,World Trade Center,movie,,,,1,1,1,discgear,Container B,9,9,,disc,World Trade Center,unmatched,,,,,,Single-title entry,,
B-010-010,wimbledon,Wimbledon,movie,,,,1,1,1,discgear,Container B,10,10,,disc,Wimbledon,unmatched,,,,,,Single-title entry,,
B-011-011,what_dreams_may_come,What Dreams May Come,movie,,,,1,1,1,discgear,Container B,11,11,,disc,What Dreams May Come,unmatched,,,,,,Single-title entry,,
B-012-012,we_are_marshall,We Are Marshall,movie,,,,1,1,1,discgear,Container B,12,12,,disc,We Are Marshall,unmatched,,,,,,Single-title entry,,
B-013-013,the_water_horse,The Water Horse,movie,,,,1,1,1,discgear,Container B,13,13,,disc,Water Horse,unmatched,,,,,,Likely The Water Horse: Legend of the Deep,,
B-014-014,tristan_and_isolde,Tristan & Isolde,movie,,,,1,1,1,discgear,Container B,14,14,,disc,Tristan and Isolde,unmatched,,,,,,Single-title entry,,
B-015-015,the_truman_show,The Truman Show,movie,,,,1,1,1,discgear,Container B,15,15,,disc,Truman Show,unmatched,,,,,,Single-title entry,,
B-016-016,top_gun,Top Gun,movie,,,,1,1,1,discgear,Container B,16,16,,disc,Top Gun,unmatched,,,,,,Single-title entry,,
B-017-017,tmnt,TMNT,movie,Teenage Mutant Ninja Turtles,,,1,1,1,discgear,Container B,17,17,,disc,TMNT,unmatched,,,,,,Single-title entry,,
B-018-018,timeline,Timeline,movie,,,,1,1,1,discgear,Container B,18,18,,disc,Timeline,unmatched,,,,,,Single-title entry,,
B-019-019,the_time_machine,The Time Machine,movie,,,,1,1,1,discgear,Container B,19,19,,disc,"Time Machine, The",unmatched,,,,,,Single-title entry,,
B-020-020,storm_of_the_century,Storm of the Century,tv,,,,1,1,1,discgear,Container B,20,20,,disc,Storm of the Century,unmatched,,,,,high,TV miniseries,,
B-021-021,stardust,Stardust,movie,,,,1,1,1,discgear,Container B,21,21,,disc,Stardust,unmatched,,,,,,Single-title entry,,
B-022-022,spider_man_2_1,Spider-Man 2.1,movie,Spider-Man,2.1,,1,1,1,discgear,Container B,22,22,,disc,Spiderman 2.1,unmatched,,,,,,Version-specific release,,
B-023-023,spider_man_3,Spider-Man 3,movie,Spider-Man,3,,1,1,1,discgear,Container B,23,23,,disc,Spiderman 3,unmatched,,,,,,Single-title sequel,,
B-024-024,sideways,Sideways,movie,,,,1,1,1,discgear,Container B,24,24,,disc,Sideways,unmatched,,,,,,Single-title entry,,
B-025-025,shakespeare_in_love,Shakespeare in Love,movie,,,,1,1,1,discgear,Container B,25,25,,disc,Shakespear in Love,unmatched,,,,,,Single-title entry,,
B-026-026,robin_hood_prince_of_thieves,Robin Hood: Prince of Thieves,movie,Robin Hood,,,1,1,1,discgear,Container B,26,26,,disc,Robin Hood: Prince of Thieves,unmatched,,,,,,Kevin Costner version,,
B-027-027,first_blood,First Blood,movie,Rambo,1,,1,1,1,discgear,Container B,27,27,,disc,Ramo: First Lood,unmatched,,,,,,Normalized from OCR,,
B-028-028,rambo_first_blood_part_ii,Rambo: First Blood Part II,movie,Rambo,2,,1,1,1,discgear,Container B,28,28,,disc,Ramo 2,unmatched,,,,,,Normalized from OCR,,
B-029-029,rambo_iii,Rambo III,movie,Rambo,3,,1,1,1,discgear,Container B,29,29,,disc,Ramo 3,unmatched,,,,,,Single-title sequel,,
B-030-030,rambo,Rambo,movie,Rambo,4,,1,1,1,discgear,Container B,30,30,,disc,Ramo,unmatched,,,,,,Likely 2008 film,,
B-031-031,predator,Predator,movie,,,,1,1,1,discgear,Container B,31,31,,disc,Predator,unmatched,,,,,,Single-title entry,,
B-032-032,planet_of_the_apes_2001,Planet of the Apes,movie,Planet of the Apes,,,1,1,1,discgear,Container B,32,32,,disc,Planet of the Apes,unmatched,,,,,high,2001 Mark Wahlberg remake,,
B-033-033,pirates_of_the_caribbean_at_worlds_end,Pirates of the Caribbean: At World's End,movie,Pirates of the Caribbean,3,,1,1,1,discgear,Container B,33,33,,disc,Piratets of the Carriean 3,unmatched,,,,,,Normalized title,,
B-034-034,pathfinder,Pathfinder,movie,,,,1,1,1,discgear,Container B,34,34,,disc,Pathfinder,unmatched,,,,,,Single-title entry,,
B-035-035,poltergeist,Poltergeist,movie,,,,1,1,1,discgear,Container B,35,35,,disc,Poltergeist,unmatched,,,,,,Single-title entry,,
B-036-036,notting_hill,Notting Hill,movie,,,,1,1,1,discgear,Container B,36,36,,disc,Notting HILL,unmatched,,,,,,Single-title entry,,
B-037-037,national_treasure_book_of_secrets,National Treasure: Book of Secrets,movie,National Treasure,2,,1,1,1,discgear,Container B,37,37,,disc,National Treasure 2,unmatched,,,,,,Single-title sequel,,
B-038-038,nacho_libre,Nacho Libre,movie,,,,1,1,1,discgear,Container B,38,38,,disc,Nacho Lire,unmatched,,,,,,Single-title entry,,
B-039-039,the_musketeer,The Musketeer,movie,,,,1,1,1,discgear,Container B,39,39,,disc,Musketeer,unmatched,,,,,,Likely The Musketeer,,
B-040-040,the_monster_squad,The Monster Squad,movie,,,,1,1,1,discgear,Container B,40,40,,disc,Monster Squad,unmatched,,,,,,Single-title entry,,
B-041-041,match_point,Match Point,movie,,,,1,1,1,discgear,Container B,41,41,,disc,Match Point,unmatched,,,,,,Single-title entry,,
B-042-042,look_whos_talking,Look Who's Talking,movie,,,,1,1,1,discgear,Container B,42,42,,disc,Look Who's Talking,unmatched,,,,,,Single-title entry,,
B-043-043,beowulf_2007,Beowulf,movie,,,,1,1,1,discgear,Container B,43,43,,disc,Beowulf,unmatched,,,,,high,2007 animated film,,
B-044-046,alien_collection,Alien Collection,movie,Alien,,,1,3,3,discgear,Container B,44,46,,disc,Alien / Aliens / Alien 3,matched,,,,,high,Grouped franchise run across slots 44-46; films are Alien,Aliens,Alien 3
B-048-048A,the_addams_family,The Addams Family,movie,Addams Family,,,1,1,1,discgear,Container B,48,48,,disc,Addams Family / Addams Family Values,matched,,,,,high,Combo disc; shares physical slot with Addams Family Values,,
B-048-048B,addams_family_values,Addams Family Values,movie,Addams Family,,,1,1,1,discgear,Container B,48,48,,disc,Addams Family / Addams Family Values,matched,,,,,high,Combo disc; shares physical slot with The Addams Family,,
B-049-049,a_few_good_men,A Few Good Men,movie,,,,1,1,1,discgear,Container B,49,49,,disc,A Few Good Men,unmatched,,,,,,Single-title entry,,
B-050-050,a_walk_to_remember,A Walk to Remember,movie,,,,1,1,1,discgear,Container B,50,50,,disc,A Walk to Rememer,unmatched,,,,,,Single-title entry,,
B-051-051,the_aviator,The Aviator,movie,,,,1,1,1,discgear,Container B,51,51,,disc,"Aviator, The",unmatched,,,,,,Single-title entry,,
B-052-052,august_rush,August Rush,movie,,,,1,1,1,discgear,Container B,52,52,,disc,August Rush,unmatched,,,,,,Single-title entry,,
B-053-053,armageddon,Armageddon,movie,,,,1,1,1,discgear,Container B,53,53,,disc,Armageddon,unmatched,,,,,,Single-title entry,,
B-054-054,american_psycho,American Psycho,movie,,,,1,1,1,discgear,Container B,54,54,,disc,American Psycho,unmatched,,,,,,Single-title entry,,
B-055-055,the_american_president,The American President,movie,,,,1,1,1,discgear,Container B,55,55,,disc,"American President, The",unmatched,,,,,,Single-title entry,,
B-056-056,the_lodger,The Lodger,movie,,,,1,1,1,discgear,Container B,56,56,,disc,"Lodger, The",unmatched,,,,,,May need exact version confirmation,,
B-057-057,wolf,Wolf,movie,,,,1,1,1,discgear,Container B,57,57,,disc,Wolf,unmatched,,,,,,Single-title entry,,
B-058-058,richard_iii,Richard III,movie,,,,1,1,1,discgear,Container B,58,58,,disc,Richard III,unmatched,,,,,,Single-title entry,,
B-059-059,fur,Fur,movie,,,,1,1,1,discgear,Container B,59,59,,disc,Fur,unmatched,,,,,,May need exact subtitle/year later,,
B-060-060,the_reading_room,The Reading Room,movie,,,,1,1,1,discgear,Container B,60,60,,disc,"Reading Room, The",unmatched,,,,,,Single-title entry,,
B-061-061,evolution,Evolution,movie,,,,1,1,1,discgear,Container B,61,61,,disc,Evolution,unmatched,,,,,,Single-title entry,,
B-062-062,the_incredible_hulk,The Incredible Hulk,movie,Marvel,,,1,1,1,discgear,Container B,62,62,,disc,"Incredible Hulk, The",unmatched,,,,,,Single-title entry,,
B-063-063,my_sassy_girl,My Sassy Girl,movie,,,,1,1,1,discgear,Container B,63,63,,disc,My Sassy Girl,unmatched,,,,,,Version/year later if needed,,
B-064-064,office_space,Office Space,movie,,,,1,1,1,discgear,Container B,64,64,,disc,Office Space,unmatched,,,,,,Single-title entry,,
B-065-065,immortal_beloved,Immortal Beloved,movie,,,,1,1,1,discgear,Container B,65,65,,disc,Immortal Beloved,unmatched,,,,,,Single-title entry,,
B-066-066,the_forgotten,The Forgotten,movie,,,,1,1,1,discgear,Container B,66,66,,disc,"Forgotton, The",unmatched,,,,,,Single-title entry,,
B-067-067,excalibur,Excalibur,movie,,,,1,1,1,discgear,Container B,67,67,,disc,Excaliur,unmatched,,,,,,Single-title entry,,
B-068-068,hellboy_ii_the_golden_army,Hellboy II: The Golden Army,movie,Hellboy,2,,1,1,1,discgear,Container B,68,68,,disc,Helloy 2,unmatched,,,,,,Normalized likely title,,
B-069-069,godzilla,Godzilla,movie,,,,1,1,1,discgear,Container B,69,69,,disc,Godzilla,unmatched,,,,,,Version/year later if needed,,
B-070-070,heat,Heat,movie,,,,1,1,1,discgear,Container B,70,70,,disc,Heat,unmatched,,,,,,Single-title entry,,
B-071-071,fantastic_four_rise_of_the_silver_surfer,Fantastic Four: Rise of the Silver Surfer,movie,Fantastic Four,2,,1,1,1,discgear,Container B,71,71,,disc,Fantastic 4 Two,unmatched,,,,,,Normalized from shorthand,,
B-072-072,jumper,Jumper,movie,,,,1,1,1,discgear,Container B,72,72,,disc,Jumper,unmatched,,,,,,Single-title entry,,
B-073-073,interview_with_the_vampire,Interview with the Vampire,movie,,,,1,1,1,discgear,Container B,73,73,,disc,Interview w/ the Vampire,unmatched,,,,,,Single-title entry,,
B-074-074,it_1990,It,tv,,,,1,1,1,discgear,Container B,74,74,,disc,IT,unmatched,,,,,high,1990 Tim Curry miniseries release,,
B-075-075,the_island,The Island,movie,,,,1,1,1,discgear,Container B,75,75,,disc,"Island, The",unmatched,,,,,,Single-title entry,,
B-076-076,hitman,Hitman,movie,,,,1,1,1,discgear,Container B,76,76,,disc,Hitman,unmatched,,,,,,Single-title entry,,
B-077-077,hitch,Hitch,movie,,,,1,1,1,discgear,Container B,77,77,,disc,Hitch,unmatched,,,,,,Single-title entry,,
B-078-078,cloverfield,Cloverfield,movie,,,,1,1,1,discgear,Container B,78,78,,disc,Cloverfield,unmatched,,,,,,Single-title entry,,
B-079-079,closer,Closer,movie,,,,1,1,1,discgear,Container B,79,79,,disc,Closer,unmatched,,,,,,Single-title entry,,
B-080-080,close_encounters_of_the_third_kind,Close Encounters of the Third Kind,movie,,,,1,1,1,discgear,Container B,80,80,,disc,"Close Encounters, 3rd",unmatched,,,,,,Single-title entry,,
B-081-081,fred_claus,Fred Claus,movie,,,,1,1,1,discgear,Container B,81,81,,disc,Fred Claus,unmatched,,,,,,Single-title entry,,
B-082-082,deck_the_halls,Deck the Halls,movie,,,,1,1,1,discgear,Container B,82,82,,disc,Deck the Halls,unmatched,,,,,,Single-title entry,,
B-083-083,casino_royale,Casino Royale,movie,James Bond,,,1,1,1,discgear,Container B,83,83,,disc,Casino Royale,unmatched,,,,,,Single-title entry,,
B-084-084,robin_hood_prince_of_thieves,Robin Hood: Prince of Thieves,movie,Robin Hood,,,1,1,1,discgear,Container B,84,84,,disc,Robin Hood: Prince of Thieves,matched,,,,,high,Kevin Costner version,,
B-085-085,alien_vs_predator_requiem,Aliens vs. Predator: Requiem,movie,Alien vs. Predator,,,1,1,1,discgear,Container B,85,85,,disc,Alien vs Predator 2,unmatched,,,,,,Separate franchise film,,
B-086-086,disturbia,Disturbia,movie,,,,1,1,1,discgear,Container B,86,86,,disc,Disturia,unmatched,,,,,,Single-title entry,,
B-087-087,copycat,Copycat,movie,,,,1,1,1,discgear,Container B,87,87,,disc,Copycat,unmatched,,,,,,Single-title entry,,
B-088-088,elizabeth,Elizabeth,movie,,,,1,1,1,discgear,Container B,88,88,,disc,Elizaeth,unmatched,,,,,,Single-title entry,,
B-089-089,gremlins,Gremlins,movie,,,,1,1,1,discgear,Container B,89,89,,disc,Gremlins,unmatched,,,,,,Single-title entry,,
B-090-090,tomb_raider_2,Tomb Raider 2,movie,Tomb Raider,2,,1,1,1,discgear,Container B,90,90,,disc,Tom Raider 2,unmatched,,,,,,Likely Cradle of Life,,
B-091-091,short_circuit_2,Short Circuit 2,movie,Short Circuit,2,,1,1,1,discgear,Container B,91,91,,disc,Short Circuit 2,unmatched,,,,,,Single-title sequel,,
B-092-092,crash_2004,Crash,movie,,,,1,1,1,discgear,Container B,92,92,,disc,Crash,unmatched,,,,,high,2004 ensemble film,,
B-093-093,iron_man,Iron Man,movie,Marvel,,,1,1,1,discgear,Container B,93,93,,disc,Iron Man,unmatched,,,,,,Single-title entry,,
B-094-094,sin_city,Sin City,movie,,,,1,1,1,discgear,Container B,94,94,,disc,Sin City,unmatched,,,,,,Single-title entry,,
B-095-095,invictus,Invictus,movie,,,,1,1,1,discgear,Container B,95,95,,disc,Invictus,unmatched,,,,,,Single-title entry,,
B-096-097,pearl_harbor,Pearl Harbor,movie,,,,1,2,2,discgear,Container B,96,97,,disc,"Pearl Harbor, Disc 1 / Pearl Harbor, Disc 2",unmatched,,,,,,Two-disc grouped entry,,
B-098-098,lassie,Lassie,movie,,,,1,1,1,discgear,Container B,98,98,,disc,Lassie,unmatched,,,,,,Single-title entry,,
B-099-099,the_joneses,The Joneses,movie,,,,1,1,1,discgear,Container B,99,99,,disc,"Jonses, The",unmatched,,,,,,Single-title entry,,
B-100-100,the_animatrix,The Animatrix,movie,The Matrix,,,1,1,1,discgear,Container B,100,100,,disc,Animatrix,unmatched,,,,,,Single-title entry,,
E-001-001,memoirs_of_a_geisha,Memoirs of a Geisha,movie,,,,1,1,1,discgear,Container E,1,1,,disc,Memoirs of a Geisha,unmatched,,,,,,Single-title entry,,
E-002-002,300,300,movie,,,,1,1,1,discgear,Container E,2,2,,disc,300,unmatched,,,,,high,Gerard Butler film,,
E-003-003,underworld_awakening,Underworld: Awakening,movie,Underworld,,,1,1,1,discgear,Container E,3,3,,disc,Underworld: Awakening,unmatched,,,,,,Single-title franchise entry,,
E-004-004,underworld_rise_of_the_lycans,Underworld: Rise of the Lycans,movie,Underworld,,,1,1,1,discgear,Container E,4,4,,disc,Underworld: Lycans,unmatched,,,,,,Single-title franchise entry,,
E-005-005,the_darkest_hour,The Darkest Hour,movie,,,,1,1,1,discgear,Container E,5,5,,disc,Darkest Hour,unmatched,,,,,high,2011 film,,
E-006-006,jumanji_the_next_level,Jumanji: The Next Level,movie,Jumanji,,,1,1,1,discgear,Container E,6,6,,disc,Jumanji: The Next Level,unmatched,,,,,,Single-title entry,,
E-007-007,my_big_fat_greek_wedding_2,My Big Fat Greek Wedding 2,movie,My Big Fat Greek Wedding,2,,1,1,1,discgear,Container E,7,7,,disc,My Big Fat Greek Wedding 2,unmatched,,,,,,Normalized from OCR,,
E-008-008,oblivion,Oblivion,movie,,,,1,1,1,discgear,Container E,8,8,,disc,Oblivion,unmatched,,,,,high,Tom Cruise film,,
E-009-009,the_amateurs,The Amateurs,movie,,,,1,1,1,discgear,Container E,9,9,,disc,"Amateurs, The",unmatched,,,,,,Single-title entry,,
E-010-010,the_polar_express,The Polar Express,movie,,,,1,1,1,discgear,Container E,10,10,,disc,Polar Express,unmatched,,,,,,Single-title entry,,
E-011-011,daredevil,Daredevil,movie,Marvel,,,1,1,1,discgear,Container E,11,11,,disc,Daredevil (movie),unmatched,,,,,high,Ben Affleck version,,
E-012-012,x_men_the_last_stand,X-Men: The Last Stand,movie,X-Men,,,1,1,1,discgear,Container E,12,12,,disc,X Men Last Stand,unmatched,,,,,,Single-title franchise entry,,
E-013-014,final_fantasy_vii_advent_children,Final Fantasy VII: Advent Children,movie,Final Fantasy VII,,,1,2,2,discgear,Container E,13,14,,disc,FF7 Advent Children D1 / D2,unmatched,,,,,,One film across two discs,,
E-015-015,superman_returns,Superman Returns,movie,Superman,,,1,1,1,discgear,Container E,15,15,,disc,Superman Returns,unmatched,,,,,,Single-title entry,,
E-016-016,pirates_of_the_caribbean_dead_mans_chest,Pirates of the Caribbean: Dead Man's Chest,movie,Pirates of the Caribbean,2,,1,1,1,discgear,Container E,16,16,,disc,Pirates: Dead Mans Chest,unmatched,,,,,,Single-title franchise entry,,
E-017-017,the_count_of_monte_cristo,The Count of Monte Cristo,movie,,,,1,1,1,discgear,Container E,17,17,,disc,Count of Monte Cristo,unmatched,,,,,,Single-title entry,,
E-018-018,king_kong_2005,King Kong,movie,,,,1,1,1,discgear,Container E,18,18,,disc,King Kong,unmatched,,,,,high,2005 Peter Jackson version,,
E-019-019,speed,Speed,movie,,,,1,1,1,discgear,Container E,19,19,,disc,Speed,unmatched,,,,,,Keanu Reeves film,,
E-020-020,lady_in_the_water,Lady in the Water,movie,,,,1,1,1,discgear,Container E,20,20,,disc,Lady In the Water,unmatched,,,,,,Single-title entry,,
E-021-021A,conan_the_barbarian,Conan the Barbarian,movie,Conan,,,1,1,1,discgear,Container E,21,21,,disc,Conan: Complete Quest,unmatched,,,,,,Shared slot with Conan the Destroyer,,
E-021-021B,conan_the_destroyer,Conan the Destroyer,movie,Conan,,,1,1,1,discgear,Container E,21,21,,disc,Conan: Complete Quest,unmatched,,,,,,Shared slot with Conan the Barbarian,,
E-022-022,clash_of_the_titans_1981,Clash of the Titans,movie,,,,1,1,1,discgear,Container E,22,22,,disc,Clash of the Titans (OLD),unmatched,,,,,high,1981 original,,
E-023-023,the_little_mermaid,The Little Mermaid,movie,Disney,,,1,1,1,discgear,Container E,23,23,,disc,Little Mermaid,unmatched,,,,,high,Animated Disney version,,
E-024-024,aladdin,Aladdin,movie,Disney,,,1,1,1,discgear,Container E,24,24,,disc,Aladdin,unmatched,,,,,high,Animated Disney version,,
E-025-025,the_passion_of_the_christ,The Passion of the Christ,movie,,,,1,1,1,discgear,Container E,25,25,,disc,Passion of the Christ,unmatched,,,,,,Single-title entry,,
E-026-026,short_circuit,Short Circuit,movie,,,,1,1,1,discgear,Container E,26,26,,disc,Short Circuit,unmatched,,,,,,Original film,,
E-027-027,miracle,Miracle,movie,,,,1,1,1,discgear,Container E,27,27,,disc,Miracle,unmatched,,,,,high,Hockey film,,
E-028-028,toy_soldiers,Toy Soldiers,movie,,,,1,1,1,discgear,Container E,28,28,,disc,Toy Soldiers,unmatched,,,,,,Single-title entry,,
E-029-029,the_prestige,The Prestige,movie,,,,1,1,1,discgear,Container E,29,29,,disc,"Prestige, The",unmatched,,,,,,Single-title entry,,
E-030-030,the_illusionist,The Illusionist,movie,,,,1,1,1,discgear,Container E,30,30,,disc,"Illusionist, The",unmatched,,,,,,Single-title entry,,
E-031-031,the_fifth_element,The Fifth Element,movie,,,,1,1,1,discgear,Container E,31,31,,disc,Fifth Element,unmatched,,,,,,Single-title entry,,
E-032-032,alien_vs_predator,Alien vs. Predator,movie,Alien vs. Predator,,,1,1,1,discgear,Container E,32,32,,disc,Alien Vs Predator,unmatched,,,,,high,2004 film,,
E-033-033,the_emperors_new_groove,The Emperor's New Groove,movie,Disney,,,1,1,1,discgear,Container E,33,33,,disc,Emperors New Groove,unmatched,,,,,,Animated Disney film,,
E-034-034,the_man_in_the_iron_mask,The Man in the Iron Mask,movie,,,,1,1,1,discgear,Container E,34,34,,disc,Man In the Iron Mask,unmatched,,,,,,Single-title entry,,
E-035-035,the_nativity_story,The Nativity Story,movie,,,,1,1,1,discgear,Container E,35,35,,disc,Nativity Story,unmatched,,,,,,Single-title entry,,
E-036-036,rocky,Rocky,movie,Rocky,,,1,1,1,discgear,Container E,36,36,,disc,Rocky,unmatched,,,,,high,Original film,,
E-037-037,dragon_the_bruce_lee_story,Dragon: The Bruce Lee Story,movie,,,,1,1,1,discgear,Container E,37,37,,disc,Dragon: Bruce Lee Story,unmatched,,,,,,Canonical title normalized,,
E-038-038,happy_feet,Happy Feet,movie,,,,1,1,1,discgear,Container E,38,38,,disc,Happy Feet,unmatched,,,,,,Single-title entry,,
E-039-039,march_of_the_penguins,March of the Penguins,movie,,,,1,1,1,discgear,Container E,39,39,,disc,March of the Penguins,unmatched,,,,,,Single-title entry,,
E-040-040,teenage_mutant_ninja_turtles,Teenage Mutant Ninja Turtles,movie,Teenage Mutant Ninja Turtles,,,1,1,1,discgear,Container E,40,40,,disc,Tng Mutant Nnja Trtls,unmatched,,,,,,Original live-action film,,
E-041-041,teenage_mutant_ninja_turtles_ii_the_secret_of_the_ooze,Teenage Mutant Ninja Turtles II: The Secret of the Ooze,movie,Teenage Mutant Ninja Turtles,2,,1,1,1,discgear,Container E,41,41,,disc,Tng Mutant Nnja Trtls 2,unmatched,,,,,,Original live-action sequel,,
E-042-042,the_legend_of_bagger_vance,The Legend of Bagger Vance,movie,,,,1,1,1,discgear,Container E,42,42,,disc,Legend of Bagger Vance,unmatched,,,,,,Canonical title normalized,,
E-043-043,the_last_of_the_mohicans,The Last of the Mohicans,movie,,,,1,1,1,discgear,Container E,43,43,,disc,Last of the Mohicans,unmatched,,,,,,Single-title entry,,
E-044-044,red_vs_blue,Red vs. Blue,tv,Red vs. Blue,,,1,1,1,discgear,Container E,44,44,,disc,Red vs. Blue,unmatched,,,,,high,Rooster Teeth machinima compilation disc,,
E-045-045,the_notebook,The Notebook,movie,,,,1,1,1,discgear,Container E,45,45,,disc,"Notebook, The",unmatched,,,,,,Single-title entry,,
E-046-046,wedding_crashers,Wedding Crashers,movie,,,,1,1,1,discgear,Container E,46,46,,disc,Wedding Crashers,unmatched,,,,,,Single-title entry,,
E-047-047,around_the_bend,Around the Bend,movie,,,,1,1,1,discgear,Container E,47,47,,disc,Around the Bend,unmatched,,,,,,Single-title entry,,
E-048-048,underworld,Underworld,movie,Underworld,,,1,1,1,discgear,Container E,48,48,,disc,Underworld,unmatched,,,,,,Single-title franchise entry,,
E-049-049,underworld_evolution,Underworld: Evolution,movie,Underworld,,,1,1,1,discgear,Container E,49,49,,disc,Underworld Evolution (2),unmatched,,,,,,Single-title franchise entry,,
E-050-050,the_terminator,The Terminator,movie,Terminator,,,1,1,1,discgear,Container E,50,50,,disc,Terminator,unmatched,,,,,,Canonical title normalized,,
E-051-051,terminator_2_judgment_day,Terminator 2: Judgment Day,movie,Terminator,2,,1,1,1,discgear,Container E,51,51,,disc,Terminator 2: Judgement,unmatched,,,,,,Canonical spelling normalized,,
E-052-052,terminator_3_rise_of_the_machines,Terminator 3: Rise of the Machines,movie,Terminator,3,,1,1,1,discgear,Container E,52,52,,disc,Terminator 3: Rise of Ma-,unmatched,,,,,,Canonical title normalized,,
E-053-053,blade,Blade,movie,Blade,,,1,1,1,discgear,Container E,53,53,,disc,Blade,unmatched,,,,,,Single-title franchise entry,,
E-054-054,blade_ii,Blade II,movie,Blade,2,,1,1,1,discgear,Container E,54,54,,disc,Blade 2,unmatched,,,,,,Single-title franchise entry,,
E-055-055,blade_trinity,Blade: Trinity,movie,Blade,3,,1,1,1,discgear,Container E,55,55,,disc,Blade Trinity,unmatched,,,,,,Single-title franchise entry,,
E-056-056,the_exorcist,The Exorcist,movie,,,,1,1,1,discgear,Container E,56,56,,disc,Exorcist,unmatched,,,,,,Canonical title normalized,,
E-057-057,the_exorcism_of_emily_rose,The Exorcism of Emily Rose,movie,,,,1,1,1,discgear,Container E,57,57,,disc,Excorcism of Emily Rose,unmatched,,,,,,Canonical spelling normalized,,
E-058-058,v_for_vendetta,V for Vendetta,movie,,,,1,1,1,discgear,Container E,58,58,,disc,V for Vendetta,unmatched,,,,,,Single-title entry,,
E-059-059,backdraft,Backdraft,movie,,,,1,1,1,discgear,Container E,59,59,,disc,Backdraft,unmatched,,,,,,Single-title entry,,
E-060-060,lara_croft_tomb_raider,Lara Croft: Tomb Raider,movie,Tomb Raider,,,1,1,1,discgear,Container E,60,60,,disc,Tomb Raider,unmatched,,,,,,Angelina Jolie film,,
E-061-061,mr_and_mrs_smith,Mr. & Mrs. Smith,movie,,,,1,1,1,discgear,Container E,61,61,,disc,Mr. and Mrs. Smith,unmatched,,,,,high,Pitt/Jolie film,,
E-062-062,the_punisher_2004,The Punisher,movie,Marvel,,,1,1,1,discgear,Container E,62,62,,disc,Punisher,unmatched,,,,,high,Thomas Jane version,,
E-063-063,the_lion_king,The Lion King,movie,Disney,,,1,1,1,discgear,Container E,63,63,,disc,Lion King,unmatched,,,,,high,Animated Disney version,,
E-064-064,finding_nemo,Finding Nemo,movie,Disney/Pixar,,,1,1,1,discgear,Container E,64,64,,disc,Finding Nemo,unmatched,,,,,,Animated film,,
E-065-065,tangled,Tangled,movie,Disney,,,1,1,1,discgear,Container E,65,65,,disc,Tangled,unmatched,,,,,,Animated Disney film,,
E-066-066,the_chronicles_of_narnia_prince_caspian,The Chronicles of Narnia: Prince Caspian,movie,The Chronicles of Narnia,2,,1,1,1,discgear,Container E,66,66,,disc,Chronicles of Narnia 2,unmatched,,,,,high,Full canonical title,,
E-067-067,fantasia,Fantasia,movie,Disney,,,1,1,1,discgear,Container E,67,67,,disc,Fantasia,unmatched,,,,,high,Original animated Disney film,,
E-068-068,fantasia_2000,Fantasia 2000,movie,Disney,,,1,1,1,discgear,Container E,68,68,,disc,Fantasia 2000,unmatched,,,,,,Animated Disney film,,
E-069-069,the_chronicles_of_narnia_the_lion_the_witch_and_the_wardrobe,The Chronicles of Narnia: The Lion,the Witch and the Wardrobe,movie,The Chronicles of Narnia,1,,1,1,1,discgear,Container E,69,69,disc,,Chronicles of Narnia 1,unmatched,,,,,high,Full canonical title,
E-070-070,john_carter,John Carter,movie,,,,1,1,1,discgear,Container E,70,70,,disc,John Carter,unmatched,,,,,,Single-title entry,,
E-071-071,cinderella,Cinderella,movie,Disney,,,1,1,1,discgear,Container E,71,71,,disc,Cinderella,unmatched,,,,,high,Animated Disney version,,
E-072-072,wall_e,WALL·E,movie,Disney/Pixar,,,1,1,1,discgear,Container E,72,72,,disc,Wall E,unmatched,,,,,,Canonical title normalized,,
E-073-074,indiana_jones_and_the_kingdom_of_the_crystal_skull,Indiana Jones and the Kingdom of the Crystal Skull,movie,Indiana Jones,4,,1,2,2,discgear,Container E,73,74,,disc,Indiana Jones: Crystal / Bonus,unmatched,,,,,high,Film plus bonus disc grouped together,,
E-075-075,raiders_of_the_lost_ark,Raiders of the Lost Ark,movie,Indiana Jones,1,,1,1,1,discgear,Container E,75,75,,disc,Indiana Jones: Raiders,unmatched,,,,,,Single-title franchise entry,,
E-076-076,indiana_jones_and_the_temple_of_doom,Indiana Jones and the Temple of Doom,movie,Indiana Jones,2,,1,1,1,discgear,Container E,76,76,,disc,Indiana Jones: Temple of,unmatched,,,,,,Single-title franchise entry,,
E-077-077,indiana_jones_and_the_last_crusade,Indiana Jones and the Last Crusade,movie,Indiana Jones,3,,1,1,1,discgear,Container E,77,77,,disc,Indiana Jones: Last Cru-,unmatched,,,,,,Single-title franchise entry,,
E-078-078,race_for_your_life_charlie_brown,Race for Your Life,Charlie Brown,movie,Peanuts,,,1,1,1,discgear,Container E,78,78,disc,,Charlie Brown Movie 1,unmatched,,,,,high,Resolved from custom label mapping,
E-079-079,bon_voyage_charlie_brown_and_dont_come_back,Bon Voyage,Charlie Brown (and Don't Come Back!!),movie,Peanuts,,,1,1,1,discgear,Container E,79,79,disc,,Charlie Brown Movie 2,unmatched,,,,,high,Resolved from custom label mapping,
E-080-080,a_boy_named_charlie_brown,A Boy Named Charlie Brown,movie,Peanuts,,,1,1,1,discgear,Container E,80,80,,disc,Charlie Brown Movie 3,unmatched,,,,,high,Resolved from custom label mapping,,
E-081-081,snoopy_come_home,Snoopy,Come Home,movie,Peanuts,,,1,1,1,discgear,Container E,81,81,disc,,Charlie Brown Movie 4,unmatched,,,,,high,Resolved from custom label mapping,
E-082-082,a_bugs_life,A Bug's Life,movie,Disney/Pixar,,,1,1,1,discgear,Container E,82,82,,disc,"Bugs Live, A",unmatched,,,,,,Canonical title normalized,,
E-083-083,pocahontas,Pocahontas,movie,Disney,,,1,1,1,discgear,Container E,83,83,,disc,Pocahantes,unmatched,,,,,high,Animated Disney version,,
E-084-084,hercules,Hercules,movie,Disney,,,1,1,1,discgear,Container E,84,84,,disc,Hercules (disney),unmatched,,,,,high,Animated Disney version,,
E-085-085,how_to_train_your_dragon_the_hidden_world,How to Train Your Dragon: The Hidden World,movie,How to Train Your Dragon,3,,1,1,1,discgear,Container E,85,85,,disc,"How train Dragon, Hidden",unmatched,,,,,high,Third film in series,,
E-086-086,hancock,Hancock,movie,,,,1,1,1,discgear,Container E,86,86,,disc,Hancock,unmatched,,,,,,Single-title entry,,
E-087-087,scooby_doo,Scooby-Doo,movie,Scooby-Doo,,,1,1,1,discgear,Container E,87,87,,disc,Scooby Doo 1,unmatched,,,,,,Live-action film,,
E-088-088,scooby_doo_2_monsters_unleashed,Scooby-Doo 2: Monsters Unleashed,movie,Scooby-Doo,2,,1,1,1,discgear,Container E,88,88,,disc,"Scooby Doo 2, Monsters",unmatched,,,,,,Live-action sequel,,
E-089-089,meet_the_robinsons,Meet the Robinsons,movie,Disney,,,1,1,1,discgear,Container E,89,89,,disc,Meet the Robinsons,unmatched,,,,,,Animated Disney film,,
E-090-090,monsters_inc,Monsters,Inc.,movie,Disney/Pixar,,,1,1,1,discgear,Container E,90,90,disc,,"Monsters, Inc",unmatched,,,,,,Animated film,
E-091-091,the_chronicles_of_narnia_the_voyage_of_the_dawn_treader,The Chronicles of Narnia: The Voyage of the Dawn Treader,movie,The Chronicles of Narnia,3,,1,1,1,discgear,Container E,91,91,,disc,Chronicles of Narnia 3,unmatched,,,,,high,Full canonical title,,
E-092-092,sleeping_beauty,Sleeping Beauty,movie,Disney,,,1,1,1,discgear,Container E,92,92,,disc,Sleeping Beauty,unmatched,,,,,high,Animated Disney classic,,
E-093-093,sands_of_oblivion,Sands of Oblivion,movie,,,,1,1,1,discgear,Container E,93,93,,disc,Sands of Oblivion,unmatched,,,,,,Morena Baccarin film,,
E-094-094,meet_dave,Meet Dave,movie,,,,1,1,1,discgear,Container E,94,94,,disc,Meet Dave,unmatched,,,,,,Single-title entry,,
E-095-095,greenberg,Greenberg,movie,,,,1,1,1,discgear,Container E,95,95,,disc,Greenburg,unmatched,,,,,,Canonical spelling normalized,,
E-096-096,frost_nixon,Frost/Nixon,movie,,,,1,1,1,discgear,Container E,96,96,,disc,Frost Nixon,unmatched,,,,,,Canonical punctuation normalized,,
E-097-097,the_sessions,The Sessions,movie,,,,1,1,1,discgear,Container E,97,97,,disc,The Sessions,unmatched,,,,,high,Helen Hunt film,,
E-098-098,being_flynn,Being Flynn,movie,,,,1,1,1,discgear,Container E,98,98,,disc,Being Flynn,unmatched,,,,,,Single-title entry,,
E-099-099,tarzan,Tarzan,movie,Disney,,,1,1,1,discgear,Container E,99,99,,disc,Tarzan,unmatched,,,,,high,Animated Disney version,,
E-100-100,beauty_and_the_beast,Beauty and the Beast,movie,Disney,,,1,1,1,discgear,Container E,100,100,,disc,Beauty and the Beast,unmatched,,,,,high,Original animated Disney film,,
D-001-001,kissing_jessica_stein,Kissing Jessica Stein,movie,,,,1,1,1,discgear,Container D,1,1,,disc,Kissing Jessica Stein,unmatched,,,,,,Single-title entry,,
D-002-003,mulan,Mulan,movie,Disney,,,1,2,2,discgear,Container D,2,3,,disc,Mulan: disc 1 / disc 2,unmatched,,,,,,One film across two discs,,
D-004-007,firefly,Firefly,tv,Firefly,1,,1,4,4,discgear,Container D,4,7,,disc,Firefly Disc 1-4,unmatched,,,,,,Complete series set across four discs,,
D-008-008,back_to_the_future,Back to the Future,movie,Back to the Future,1,,1,1,1,discgear,Container D,8,8,,disc,Back to the Future,unmatched,,,,,,Single-title franchise entry,,
D-009-009,back_to_the_future_part_ii,Back to the Future Part II,movie,Back to the Future,2,,1,1,1,discgear,Container D,9,9,,disc,Back to the Future 2,unmatched,,,,,,Single-title franchise entry,,
D-010-010,back_to_the_future_part_iii,Back to the Future Part III,movie,Back to the Future,3,,1,1,1,discgear,Container D,10,10,,disc,Back to the Future 3,unmatched,,,,,,Single-title franchise entry,,
D-011-011,avengers_age_of_ultron,Avengers: Age of Ultron,movie,Marvel Avengers,2,,1,1,1,discgear,Container D,11,11,,disc,"Avengers, Ultron",unmatched,,,,,,Single-title franchise entry,,
D-012-013,the_avengers,The Avengers,movie,Marvel Avengers,1,,1,2,2,discgear,Container D,12,13,,disc,"Avengers, BR / Avengers, DVD",unmatched,,,,,,Single entry with both Blu-ray and DVD formats,,
D-014-014,x_men_first_class,X-Men: First Class,movie,X-Men,,,1,1,1,discgear,Container D,14,14,,disc,X-Men: First class,unmatched,,,,,,Single-title franchise entry,,
D-015-015,trick_r_treat,Trick 'r Treat,movie,,,,1,1,1,discgear,Container D,15,15,,disc,Trick R Treat,unmatched,,,,,,Canonical title normalized,,
D-016-016,grease,Grease,movie,,,,1,1,1,discgear,Container D,16,16,,disc,Grease,unmatched,,,,,,Single-title entry,,
D-017-017,transformers,Transformers,movie,Transformers,1,,1,1,1,discgear,Container D,17,17,,disc,Transformers 1,unmatched,,,,,,Single-title franchise entry,,
D-018-018,transformers_revenge_of_the_fallen,Transformers: Revenge of the Fallen,movie,Transformers,2,,1,1,1,discgear,Container D,18,18,,disc,Transformers 2,unmatched,,,,,,Single-title franchise entry,,
D-019-021,frank_herberts_dune,Frank Herbert's Dune,tv,Dune,,,1,3,3,discgear,Container D,19,21,,disc,"Dune, FH, #1-#3",unmatched,,,,,,Sci-Fi Channel miniseries across three discs,,
D-022-023,children_of_dune,Children of Dune,tv,Dune,,,1,2,2,discgear,Container D,22,23,,disc,"Dune, Chil #1-#2",unmatched,,,,,,Sci-Fi Channel miniseries across two discs,,
D-024-024,the_goonies,The Goonies,movie,,,,1,1,1,discgear,Container D,24,24,,disc,"Goonies, BR",unmatched,,,,,,Blu-ray edition,,
D-025-025,dune_1984_extended,Dune,movie,Dune,,,1,1,1,discgear,Container D,25,25,,disc,"Dune, Extended",unmatched,,,,,high,Extended version of the 1984 Kyle MacLachlan film,,
D-026-026,the_social_network,The Social Network,movie,,,,1,1,1,discgear,Container D,26,26,,disc,Social Network,unmatched,,,,,,Canonical title normalized,,
D-027-027,within_temptation_black_symphony,Within Temptation: Black Symphony,movie,Within Temptation,,,1,1,1,discgear,Container D,27,27,,disc,Black Symphony,unmatched,,,,,high,Concert DVD,,
D-028-028,thor,Thor,movie,Marvel,,,1,1,1,discgear,Container D,28,28,,disc,Thor,unmatched,,,,,,Single-title entry,,
D-029-029,the_amazing_spider_man_2,The Amazing Spider-Man 2,movie,Spider-Man,2,,1,1,1,discgear,Container D,29,29,,disc,"Spiderman, Am. 2",unmatched,,,,,,Single-title franchise entry,,
D-030-030,the_amazing_spider_man,The Amazing Spider-Man,movie,Spider-Man,1,,1,1,1,discgear,Container D,30,30,,disc,Amazing Spiderman,unmatched,,,,,,Single-title franchise entry,,
D-031-031,iron_man_2,Iron Man 2,movie,Marvel,,,1,1,1,discgear,Container D,31,31,,disc,Iron Man 2,unmatched,,,,,,Single-title entry,,
D-032-035,chuck,Chuck,tv,Chuck,1,,1,4,4,discgear,Container D,32,35,,disc,"Chuck S1, D1-D4",unmatched,,,,,,Grouped season row,,
D-036-041,chuck,Chuck,tv,Chuck,2,,1,6,6,discgear,Container D,36,41,,disc,"Chuck S2, D1-D6",unmatched,,,,,,Grouped season row,,
D-042-045,chuck,Chuck,tv,Chuck,3,,1,5,5,discgear,Container D,42,45,,disc,"Chuck S3, D1-D5",unmatched,,,,,,Grouped season row,,
D-046-051,chuck,Chuck,tv,Chuck,4,,1,6,6,discgear,Container D,46,51,,disc,"Chuck S4, D1-D6",unmatched,,,,,,Grouped season row; slot 47 inferred from complete set confirmation,,
D-052-054,chuck,Chuck,tv,Chuck,5,,1,3,3,discgear,Container D,52,54,,disc,"Chuck S5, D1-D3",unmatched,,,,,,Grouped season row based on visible discs in batch,,
D-055-058,the_west_wing,The West Wing,tv,The West Wing,1,,1,4,4,discgear,Container D,55,58,,disc,"West Wing S1, D1-D4",unmatched,,,,,,Grouped season row,,
D-059-062,the_west_wing,The West Wing,tv,The West Wing,2,,1,4,4,discgear,Container D,59,62,,disc,"West Wing S2, D1-D4",unmatched,,,,,,Grouped season row,,
D-063-066,the_west_wing,The West Wing,tv,The West Wing,3,,1,4,4,discgear,Container D,63,66,,disc,"West Wing S3, D1-D4",unmatched,,,,,,Grouped season row,,
D-067-072,the_west_wing,The West Wing,tv,The West Wing,4,,1,6,6,discgear,Container D,67,72,,disc,"West Wing S4, D1-D6",unmatched,,,,,,Grouped season row,,
D-073-078,the_west_wing,The West Wing,tv,The West Wing,5,,1,6,6,discgear,Container D,73,78,,disc,"West Wing S5, D1-D6",unmatched,,,,,,Grouped season row,,
D-079-084,the_west_wing,The West Wing,tv,The West Wing,6,,1,6,6,discgear,Container D,79,84,,disc,"West Wing S6, D1-D6",unmatched,,,,,,Grouped season row,,
D-085-090,the_west_wing,The West Wing,tv,The West Wing,7,,1,6,6,discgear,Container D,85,90,,disc,"West Wing S7, D1-D6",unmatched,,,,,,Grouped season row,,
D-091-091,i_am_legend,I Am Legend,movie,,,,1,1,1,discgear,Container D,91,91,,disc,I am Legend,unmatched,,,,,,Single-title entry,,
D-092-092,hans_zimmer_live,Hans Zimmer Live,movie,Hans Zimmer,,,1,1,1,discgear,Container D,92,92,,disc,"Hans Zimmer, Live",unmatched,,,,,high,DVD of early world tour live concert,,
D-093-093,rise_of_the_planet_of_the_apes,Rise of the Planet of the Apes,movie,Planet of the Apes,,,1,1,1,discgear,Container D,93,93,,disc,"Rise, Plnt Apes",unmatched,,,,,,Canonical title normalized,,
D-094-094,black_swan,Black Swan,movie,,,,1,1,1,discgear,Container D,94,94,,disc,Black Swan,unmatched,,,,,,Single-title entry,,
D-095-095,silver_linings_playbook,Silver Linings Playbook,movie,,,,1,1,1,discgear,Container D,95,95,,disc,Silver Linings Plybk,unmatched,,,,,,Canonical title normalized,,
D-096-096,get_smart,Get Smart,movie,,,,1,1,1,discgear,Container D,96,96,,disc,Get Smart,unmatched,,,,,,Single-title entry,,
D-097-097,captain_america_the_first_avenger,Captain America: The First Avenger,movie,Marvel,,,1,1,1,discgear,Container D,97,97,,disc,Captain America 1st,unmatched,,,,,,Canonical title normalized,,
D-098-098,shawshank_redemption,The Shawshank Redemption,movie,,,,1,1,1,discgear,Container D,98,98,,disc,Shawshank Redemp.,unmatched,,,,,,Canonical title normalized,,
D-099-099,speed_racer,Speed Racer,movie,,,,1,1,1,discgear,Container D,99,99,,disc,Speed Racer,unmatched,,,,,,Single-title entry,,
D-100-100,within_temptation_black_symphony,Within Temptation: Black Symphony,movie,Within Temptation,,,1,1,1,discgear,Container D,100,100,,disc,Black Symphony,review,,,,,,Possible duplicate OCR occurrence; confirm whether slot 100 is Black Symphony or another title,,
A-001-001,ghostbusters,Ghostbusters,movie,Ghostbusters,,,1,1,1,discgear,Container A,1,1,,disc,Ghostbusters 1,unmatched,,,,,,Separate film row,,
A-002-002,ghostbusters_ii,Ghostbusters II,movie,Ghostbusters,2,,1,1,1,discgear,Container A,2,2,,disc,Ghostbusters 2,unmatched,,,,,,Separate film row,,
A-003-003,the_three_musketeers_1993,The Three Musketeers,movie,,,,1,1,1,discgear,Container A,3,3,,disc,"Three Musketeers, The",unmatched,,,,,high,1993 film with Kiefer Sutherland / Oliver Platt cast,,
A-004-004,titanic,Titanic,movie,,,,1,1,1,discgear,Container A,4,4,,disc,Titanic,unmatched,,,,,,Single-title entry,,
A-005-005,stigmata,Stigmata,movie,,,,1,1,1,discgear,Container A,5,5,,disc,Stigmata,unmatched,,,,,,Single-title entry,,
A-006-006,crimson_tide,Crimson Tide,movie,,,,1,1,1,discgear,Container A,6,6,,disc,Crimson Tide,unmatched,,,,,,Single-title entry,,
A-007-007,swat,S.W.A.T.,movie,,,,1,1,1,discgear,Container A,7,7,,disc,S.W.A.T.,unmatched,,,,,,Single-title entry,,
A-008-008,i_robot,I,Robot,movie,,,,1,1,1,discgear,Container A,8,8,disc,,"I, Robot",unmatched,,,,,,Single-title entry,
A-009-009,minority_report,Minority Report,movie,,,,1,1,1,discgear,Container A,9,9,,disc,Minority Report,unmatched,,,,,,Single-title entry,,
A-010-010,spider_man_2,Spider-Man 2,movie,Spider-Man,2,,1,1,1,discgear,Container A,10,10,,disc,Spiderman 2,unmatched,,,,,,Canonical title normalized,,
A-011-011,contact,Contact,movie,,,,1,1,1,discgear,Container A,11,11,,disc,Contact,unmatched,,,,,,Single-title entry,,
A-012-012,the_sum_of_all_fears,The Sum of All Fears,movie,,,,1,1,1,discgear,Container A,12,12,,disc,"Sum of All Fears, The",unmatched,,,,,,Canonical title normalized,,
A-013-013,spider_man,Spider-Man,movie,Spider-Man,1,,1,1,1,discgear,Container A,13,13,,disc,Spiderman,unmatched,,,,,,Canonical title normalized,,
A-014-014,masters_of_the_universe,Masters of the Universe,movie,,,,1,1,1,discgear,Container A,14,14,,disc,Masters of the Universe,unmatched,,,,,,Single-title entry,,
A-015-015,lilo_and_stitch,Lilo & Stitch,movie,Disney,,,1,1,1,discgear,Container A,15,15,,disc,Lilo & Stitch,unmatched,,,,,,Animated Disney film,,
A-016-016,ladyhawke,Ladyhawke,movie,,,,1,1,1,discgear,Container A,16,16,,disc,Ladyhawke,unmatched,,,,,,Single-title entry,,
A-017-017,deep_impact,Deep Impact,movie,,,,1,1,1,discgear,Container A,17,17,,disc,Deep Impact,unmatched,,,,,,Single-title entry,,
A-018-018,x2,X2,movie,X-Men,2,,1,1,1,discgear,Container A,18,18,,disc,X-Men United,unmatched,,,,,high,Normalized to canonical release title X2,,
A-019-019,x_men,X-Men,movie,X-Men,1,,1,1,1,discgear,Container A,19,19,,disc,X-Men,unmatched,,,,,,Single-title franchise entry,,
A-020-020,the_incredibles,The Incredibles,movie,Disney/Pixar,,,1,1,1,discgear,Container A,20,20,,disc,"Incredibles, The",unmatched,,,,,,Animated film,,
A-021-021,pirates_of_the_caribbean_the_curse_of_the_black_pearl,Pirates of the Caribbean: The Curse of the Black Pearl,movie,Pirates of the Caribbean,1,,1,1,1,discgear,Container A,21,21,,disc,Pirates of the Caribbean,unmatched,,,,,high,Black Pearl confirmed,,
A-022-022,superman,Superman,movie,Superman,1,,1,1,1,discgear,Container A,22,22,,disc,Superman,unmatched,,,,,,Canonical franchise entry,,
A-023-023,superman_ii,Superman II,movie,Superman,2,,1,1,1,discgear,Container A,23,23,,disc,Superman 2,unmatched,,,,,,Canonical franchise entry,,
A-024-024,swing_kids,Swing Kids,movie,,,,1,1,1,discgear,Container A,24,24,,disc,Swing Kids,unmatched,,,,,,Single-title entry,,
A-025-025,the_whole_nine_yards,The Whole Nine Yards,movie,,,,1,1,1,discgear,Container A,25,25,,disc,"Whole Nine Yards, The",unmatched,,,,,,Canonical title normalized,,
A-026-026,the_whole_ten_yards,The Whole Ten Yards,movie,,,,1,1,1,discgear,Container A,26,26,,disc,"Whole Ten Yards, The",unmatched,,,,,,Canonical title normalized,,
A-027-027,bill_and_teds_excellent_adventure,Bill & Ted's Excellent Adventure,movie,Bill & Ted,1,,1,1,1,discgear,Container A,27,27,,disc,Bill & Ted's Excellent Adventure,unmatched,,,,,,Single-title franchise entry,,
A-028-028,bill_and_teds_bogus_journey,Bill & Ted's Bogus Journey,movie,Bill & Ted,2,,1,1,1,discgear,Container A,28,28,,disc,Bill & Ted's Bogus Journey,unmatched,,,,,,Single-title franchise entry,,
A-029-029,monty_python_and_the_holy_grail,Monty Python and the Holy Grail,movie,,,,1,1,1,discgear,Container A,29,29,,disc,Monty Python and the Holy Grail,unmatched,,,,,,Single-title entry,,
A-030-030,army_of_darkness,Army of Darkness,movie,Evil Dead,,,1,1,1,discgear,Container A,30,30,,disc,Army of Darkness,unmatched,,,,,,Single-title franchise entry,,
A-031-031,spaceballs,Spaceballs,movie,,,,1,1,1,discgear,Container A,31,31,,disc,Spaceballs,unmatched,,,,,,Single-title entry,,
A-032-032,the_italian_job,The Italian Job,movie,,,,1,1,1,discgear,Container A,32,32,,disc,"Italian Job, The",unmatched,,,,,,Canonical title normalized,,
A-033-033,the_cutting_edge,The Cutting Edge,movie,,,,1,1,1,discgear,Container A,33,33,,disc,"Cutting Edge, The",unmatched,,,,,,Canonical title normalized,,
A-034-034,the_day_after_tomorrow,The Day After Tomorrow,movie,,,,1,1,1,discgear,Container A,34,34,,disc,"Day After Tomorrow, The",unmatched,,,,,,Canonical title normalized,,
A-035-035,twister,Twister,movie,,,,1,1,1,discgear,Container A,35,35,,disc,Twister,unmatched,,,,,,Single-title entry,,
A-036-036,footloose,Footloose,movie,,,,1,1,1,discgear,Container A,36,36,,disc,Footloose,unmatched,,,,,,Single-title entry,,
A-037-037,ghost,Ghost,movie,,,,1,1,1,discgear,Container A,37,37,,disc,Ghost,unmatched,,,,,,Single-title entry,,
A-038-038,napoleon_dynamite,Napoleon Dynamite,movie,,,,1,1,1,discgear,Container A,38,38,,disc,Napoleon Dynamite,unmatched,,,,,,Single-title entry,,
A-039-039,the_sandlot,The Sandlot,movie,,,,1,1,1,discgear,Container A,39,39,,disc,"Sandlot, The",unmatched,,,,,,Canonical title normalized,,
A-040-040,my_big_fat_greek_wedding,My Big Fat Greek Wedding,movie,,,,1,1,1,discgear,Container A,40,40,,disc,My Big Fat Greek Wedding,unmatched,,,,,,Single-title entry,,
A-041-041,donnie_darko,Donnie Darko,movie,,,,1,1,1,discgear,Container A,41,41,,disc,Donnie Darko,unmatched,,,,,,Single-title entry,,
A-042-042,e_t_the_extra_terrestrial,E.T. the Extra-Terrestrial,movie,,,,1,1,1,discgear,Container A,42,42,,disc,E.T.,unmatched,,,,,,Canonical title normalized,,
A-043-043,braveheart,Braveheart,movie,,,,1,1,1,discgear,Container A,43,43,,disc,Braveheart,unmatched,,,,,,Single-title entry,,
A-044-044,the_prince_of_egypt,The Prince of Egypt,movie,,,,1,1,1,discgear,Container A,44,44,,disc,"Prince of Egypt, The",unmatched,,,,,,Canonical title normalized,,
A-045-045,the_patriot,The Patriot,movie,,,,1,1,1,discgear,Container A,45,45,,disc,"Patriot, The",unmatched,,,,,,Canonical title normalized,,
A-046-046,reign_of_fire,Reign of Fire,movie,,,,1,1,1,discgear,Container A,46,46,,disc,Reign of Fire,unmatched,,,,,,Single-title entry,,
A-047-047,a_series_of_unfortunate_events,Lemony Snicket's A Series of Unfortunate Events,movie,,,,1,1,1,discgear,Container A,47,47,,disc,A Series of Unfortunate Events,unmatched,,,,,high,Normalized to full release title,,
A-048-048,harry_potter_and_the_prisoner_of_azkaban,Harry Potter and the Prisoner of Azkaban,movie,Harry Potter,3,,1,1,1,discgear,Container A,48,48,,disc,Harry Potter and the Prisoner of Azka,unmatched,,,,,,Canonical title normalized,,
A-049-049,harry_potter_and_the_chamber_of_secrets,Harry Potter and the Chamber of Secrets,movie,Harry Potter,2,,1,1,1,discgear,Container A,49,49,,disc,Harry Potter and the Chamber of Secre,unmatched,,,,,,Canonical title normalized,,
A-050-050,harry_potter_and_the_sorcerers_stone,Harry Potter and the Sorcerer's Stone,movie,Harry Potter,1,,1,1,1,discgear,Container A,50,50,,disc,Harry Potter and the Sorcerers Stone,unmatched,,,,,,Canonical punctuation normalized,,
A-051-051,harry_potter_and_the_goblet_of_fire,Harry Potter and the Goblet of Fire,movie,Harry Potter,4,,1,1,1,discgear,Container A,51,51,,disc,Harry Potter & The Goblet of Fire,unmatched,,,,,,Canonical title normalized,,
A-052-052,batman_1989,Batman,movie,Batman,,,1,1,1,discgear,Container A,52,52,,disc,Batman,unmatched,,,,,high,1989 film,,
A-053-053,national_treasure,National Treasure,movie,,,,1,1,1,discgear,Container A,53,53,,disc,National Treasure,unmatched,,,,,,Single-title entry,,
A-054-054,beetlejuice,Beetlejuice,movie,,,,1,1,1,discgear,Container A,54,54,,disc,Beetlejuice,unmatched,,,,,,Single-title entry,,
A-055-055,sleepy_hollow,Sleepy Hollow,movie,,,,1,1,1,discgear,Container A,55,55,,disc,Sleepy Hollow,unmatched,,,,,,Single-title entry,,
A-056-056,hellboy,Hellboy,movie,Hellboy,,,1,1,1,discgear,Container A,56,56,,disc,Hellboy,unmatched,,,,,,Single-title entry,,
A-057-057,the_village,The Village,movie,,,,1,1,1,discgear,Container A,57,57,,disc,"Village, The",unmatched,,,,,,Canonical title normalized,,
A-058-058,signs,Signs,movie,,,,1,1,1,discgear,Container A,58,58,,disc,Signs,unmatched,,,,,,Single-title entry,,
A-059-059,unbreakable,Unbreakable,movie,,,,1,1,1,discgear,Container A,59,59,,disc,Unbreakable,unmatched,,,,,,Single-title entry,,
A-060-060,the_sixth_sense,The Sixth Sense,movie,,,,1,1,1,discgear,Container A,60,60,,disc,"Sixth Sense, The",unmatched,,,,,,Canonical title normalized,,
A-061-061,joshua,Joshua,movie,,,,1,1,1,discgear,Container A,61,61,,disc,Joshua,unmatched,,,,,medium,Religious film where Joshua is revealed as Jesus,,
A-062-062,the_matrix_revolutions,The Matrix Revolutions,movie,The Matrix,3,,1,1,1,discgear,Container A,62,62,,disc,Matrix: Revolutions,unmatched,,,,,,Single-title franchise entry,,
A-063-063,the_matrix_reloaded,The Matrix Reloaded,movie,The Matrix,2,,1,1,1,discgear,Container A,63,63,,disc,Matrix: Reloaded,unmatched,,,,,,Single-title franchise entry,,
A-064-064,the_matrix,The Matrix,movie,The Matrix,1,,1,1,1,discgear,Container A,64,64,,disc,Matrix,unmatched,,,,,,Single-title franchise entry,,
A-065-065,kingdom_of_heaven,Kingdom of Heaven,movie,,,,1,1,1,discgear,Container A,65,65,,disc,Kingdom of Heaven,unmatched,,,,,,Single-title entry,,
A-066-066,joan_of_arc,Joan of Arc,tv,,,,1,1,1,discgear,Container A,66,66,,disc,Joan of Arc,unmatched,,,,,high,Leelee Sobieski miniseries,,
A-067-067,gladiator,Gladiator,movie,,,,1,1,1,discgear,Container A,67,67,,disc,Gladiator,unmatched,,,,,,Single-title entry,,
A-068-068,big_fish,Big Fish,movie,,,,1,1,1,discgear,Container A,68,68,,disc,Big Fish,unmatched,,,,,,Single-title entry,,
A-069-069,troy,Troy,movie,,,,1,1,1,discgear,Container A,69,69,,disc,Troy,unmatched,,,,,,Single-title entry,,
A-070-070,a_beautiful_mind,A Beautiful Mind,movie,,,,1,1,1,discgear,Container A,70,70,,disc,A Beautiful Mind,unmatched,,,,,,Single-title entry,,
A-071-071,the_mummy_returns,The Mummy Returns,movie,The Mummy,2,,1,1,1,discgear,Container A,71,71,,disc,Mummy Returns,unmatched,,,,,,Brendan Fraser series,,
A-072-072,the_mummy,The Mummy,movie,The Mummy,1,,1,1,1,discgear,Container A,72,72,,disc,Mummy,unmatched,,,,,,Brendan Fraser series,,
A-073-073,king_arthur,King Arthur,movie,,,,1,1,1,discgear,Container A,73,73,,disc,King Arthur,unmatched,,,,,high,Clive Owen version,,
A-074-074,equilibrium,Equilibrium,movie,,,,1,1,1,discgear,Container A,74,74,,disc,Equilibrium,unmatched,,,,,,Single-title entry,,
A-075-075,coming_to_america,Coming to America,movie,,,,1,1,1,discgear,Container A,75,75,,disc,Coming to America,unmatched,,,,,,Single-title entry,,
A-076-076,highlander,Highlander,movie,Highlander,,,1,1,1,discgear,Container A,76,76,,disc,Highlander,unmatched,,,,,,Single-title entry,,
A-077-077,van_helsing,Van Helsing,movie,,,,1,1,1,discgear,Container A,77,77,,disc,Van Helsing,unmatched,,,,,,Single-title entry,,
A-078-078,bram_stokers_dracula,Bram Stoker's Dracula,movie,,,,1,1,1,discgear,Container A,78,78,,disc,Dracula,unmatched,,,,,high,Confirmed Bram Stoker version,,
A-079-079,the_13th_warrior,The 13th Warrior,movie,,,,1,1,1,discgear,Container A,79,79,,disc,"13th Warrior, The",unmatched,,,,,,Canonical title normalized,,
A-080-080,supergirl,Supergirl,movie,Superman,,,1,1,1,discgear,Container A,80,80,,disc,Supergirl,unmatched,,,,,,Single-title entry,,
A-081-081,stealth,Stealth,movie,,,,1,1,1,discgear,Container A,81,81,,disc,Stealth,unmatched,,,,,,Single-title entry,,
A-082-082,the_phantom_of_the_opera_2004,The Phantom of the Opera,movie,,,,1,1,1,discgear,Container A,82,82,,disc,Phantom of the Opera,unmatched,,,,,high,2004 Gerard Butler version,,
A-083-083,the_sound_of_music,The Sound of Music,movie,,,,1,1,1,discgear,Container A,83,83,,disc,Sound of Music,unmatched,,,,,,Single-title entry,,
A-084-084,the_princess_bride,The Princess Bride,movie,,,,1,1,1,discgear,Container A,84,84,,disc,Princess Bride,unmatched,,,,,,Single-title entry,,
A-085-085,the_neverending_story,The NeverEnding Story,movie,,,,1,1,1,discgear,Container A,85,85,,disc,Neverending Story,unmatched,,,,,,Canonical capitalization normalized,,
A-086-086,red_eye,Red Eye,movie,,,,1,1,1,discgear,Container A,86,86,,disc,Red Eye,unmatched,,,,,,Single-title entry,,
A-087-087,shrek_2,Shrek 2,movie,Shrek,2,,1,1,1,discgear,Container A,87,87,,disc,Shrek 2,unmatched,,,,,,Single-title franchise entry,,
A-088-088,shrek,Shrek,movie,Shrek,1,,1,1,1,discgear,Container A,88,88,,disc,Shrek,unmatched,,,,,,Single-title franchise entry,,
A-089-089,willow,Willow,movie,,,,1,1,1,discgear,Container A,89,89,,disc,Willow,unmatched,,,,,,Single-title entry,,
A-090-090,a_knights_tale,A Knight's Tale,movie,,,,1,1,1,discgear,Container A,90,90,,disc,"Knights Tale, A",unmatched,,,,,,Canonical title normalized,,
A-091-091,dungeons_and_dragons,Dungeons & Dragons,movie,,,,1,1,1,discgear,Container A,91,91,,disc,Dungeons & Dragons,unmatched,,,,,high,2000 film with Thora Birch,,
A-092-092,the_abyss,The Abyss,movie,,,,1,1,1,discgear,Container A,92,92,,disc,"Abyss, The",unmatched,,,,,,Canonical title normalized,,
A-093-093,the_legend_of_zorro,The Legend of Zorro,movie,Zorro,2,,1,1,1,discgear,Container A,93,93,,disc,"Zorro, The Legend of",unmatched,,,,,,Single-title franchise entry,,
A-094-094,the_mask_of_zorro,The Mask of Zorro,movie,Zorro,1,,1,1,1,discgear,Container A,94,94,,disc,"Zorro, The Mask of",unmatched,,,,,,Single-title franchise entry,,
A-095-095,final_fantasy_the_spirits_within,Final Fantasy: The Spirits Within,movie,Final Fantasy,,,1,1,1,discgear,Container A,95,95,,disc,Final Fantasy: The Spirits Within,unmatched,,,,,,Single-title entry,,
A-096-096,the_hitchhikers_guide_to_the_galaxy,The Hitchhiker's Guide to the Galaxy,movie,,,,1,1,1,discgear,Container A,96,96,,disc,Hitchhikers Guide to the Galaxy,unmatched,,,,,,Canonical punctuation normalized,,
A-097-097,hook,Hook,movie,,,,1,1,1,discgear,Container A,97,97,,disc,Hook,unmatched,,,,,,Single-title entry,,
A-098-098,pleasantville,Pleasantville,movie,,,,1,1,1,discgear,Container A,98,98,,disc,Pleasantville,unmatched,,,,,,Single-title entry,,
A-099-099,freddys_dead_the_final_nightmare,Freddy's Dead: The Final Nightmare,movie,A Nightmare on Elm Street,,,1,1,1,discgear,Container A,99,99,,disc,Freddy's Dead: The Final Nightmare,unmatched,,,,,,Single-title franchise entry,,
A-100-100,fantastic_four_2005,Fantastic Four,movie,Fantastic Four,,,1,1,1,discgear,Container A,100,100,,disc,"Fantastic Four, The",unmatched,,,,,high,2005 film,,
,,Future Sport,Future Sport,movie,,,,,,,binder,Binder 1,,,handwritten disc,disc,Future Sport,matched,,,,,high,Handwritten disc label,
,,Collateral,Collateral,movie,,,,,,,binder,Binder 1,,,handwritten disc,disc,Collateral,matched,,,,,medium,Handwritten disc label; disc 1 may say main movie,
,,Post Impact,Post Impact,movie,,,,,,,binder,Binder 1,,,handwritten disc,disc,Post Impact,matched,,,,,high,Handwritten disc label,
,,Collateral,Collateral,movie,,,,,,,binder,Binder 1,,,handwritten disc,disc,Collateral,matched,,,,,medium,Handwritten disc label; may be special features or disc 2,
,,Exorcist: The Beginning,Exorcist: The Beginning,movie,,,,,,,binder,Binder 1,,,handwritten disc,disc,Exorcist: The Beginning,matched,,,,,high,Handwritten disc label,
,,Eagles: Hell Freezes Over,Eagles: Hell Freezes Over,music,,,,,,,binder,Binder 1,,,handwritten disc,disc,Eagles: Hell Freezes Over,matched,,,,,high,Handwritten disc label,
,,Garden State,Garden State,movie,,,,,,,binder,Binder 1,,,handwritten disc,disc,Garden State,matched,,,,,high,Handwritten disc label,
,,Alice Through the Looking Glass,Alice Through the Looking Glass,movie,Disney,,,,,,binder,Binder 1,,,handwritten disc,disc,Alice Through the Looking Glass,matched,,,,,high,Handwritten disc label,
,,Shark Tale,Shark Tale,movie,,,,,,,binder,Binder 1,,,handwritten disc,disc,Shark Tale,matched,,,,,high,Handwritten disc label,
,,Suspect Zero,Suspect Zero,movie,,,,,,,binder,Binder 1,,,handwritten disc,disc,Suspect Zero,matched,,,,,high,Handwritten disc label,
,,Hart's War,Hart's War,movie,,,,,,,binder,Binder 1,,,handwritten disc,disc,Hart's War,matched,,,,,high,Handwritten disc label,
,,The Corruptor,The Corruptor,movie,,,,,,,binder,Binder 1,,,handwritten disc,disc,The Corruptor,matched,,,,,high,Handwritten disc label,
,,Eko Eko Azarak II: Birth of the Wizard,Eko Eko Azarak II: Birth of the Wizard,movie,,,,,,,binder,Binder 1,,,handwritten disc,disc,Eko Eko Azarak II Birth of the Wizard,matched,,,,,medium,Handwritten disc label,
,,De-Lovely,De-Lovely,movie,,,,,,,binder,Binder 1,,,handwritten disc,disc,De-Lovely,matched,,,,,high,Handwritten disc label,
,,"Spring, Summer, Fall, Winter... and Spring","Spring, Summer, Fall, Winter... and Spring",movie,,,,,,,binder,Binder 1,,,handwritten disc,disc,"Spring, Summer Fall Winter... and Spring",matched,,,,,high,Handwritten disc label,
,,The Roman Spring of Mrs. Stone,The Roman Spring of Mrs. Stone,movie,,,,,,,binder,Binder 1,,,handwritten disc,disc,The Roman Spring of Mrs. Stone,matched,,,,,high,Handwritten disc label,
,,Domestic Disturbance,Domestic Disturbance,movie,,,,,,,binder,Binder 1,,,handwritten disc,disc,Domestic Disturbance,matched,,,,,high,Handwritten disc label,
,,Just Cause,Just Cause,movie,,,,,,,binder,Binder 1,,,handwritten disc,disc,Just Cause,matched,,,,,high,Handwritten disc label,
,,New York Minute,New York Minute,movie,,,,,,,binder,Binder 1,,,handwritten disc,disc,New York Minute,matched,,,,,high,Handwritten disc label,
,,Epoch: Evolution,Epoch: Evolution,movie,,,,,,,binder,Binder 1,,,handwritten disc,disc,Epoch: Evolution,matched,,,,,high,Handwritten disc label,
,,Surviving Christmas,Surviving Christmas,movie,,,,,,,binder,Binder 1,,,handwritten disc,disc,Surviving Christmas,matched,,,,,high,Handwritten disc label,
,,The Alamo,The Alamo,movie,,,,,,,binder,Binder 1,,,handwritten disc,disc,The Alamo,matched,,,,,high,Handwritten disc label,
,,Species III,Species III,movie,Species,,,,,,binder,Binder 1,,,handwritten disc,disc,Species 3,matched,,,,,high,Handwritten disc label,
,,Mary Reilly,Mary Reilly,movie,,,,,,,binder,Binder 1,,,handwritten disc,disc,Mary Reilly,matched,,,,,high,Handwritten disc label,
,,Greenfingers,Greenfingers,movie,,,,,,,binder,Binder 1,,,handwritten disc,disc,Greenfingers,matched,,,,,high,Handwritten disc label,
,,The Reckoning,The Reckoning,movie,,,,,,,binder,Binder 1,,,handwritten disc,disc,The Reckoning,matched,,,,,high,Handwritten disc label,
,,Dark Queen,Dark Queen,movie,,,,,,,binder,Binder 1,,,handwritten disc,disc,Dark Queen,uncertain,,,,,low,Handwritten disc label; title uncertain,
,,Blue Juice,Blue Juice,movie,,,,,,,binder,Binder 1,,,handwritten disc,disc,Blue Juice,matched,,,,,high,Handwritten disc label,
,,Freejack,Freejack,movie,,,,,,,binder,Binder 1,,,handwritten disc,disc,Freejack,matched,,,,,high,Handwritten disc label,
,,Shallow Grave,Shallow Grave,movie,,,,,,,binder,Binder 1,,,handwritten disc,disc,Shallow Grave,matched,,,,,high,Handwritten disc label,
,,I'll Sleep When I'm Dead,I'll Sleep When I'm Dead,movie,,,,,,,binder,Binder 1,,,handwritten disc,disc,I'll Sleep When I'm Dead,matched,,,,,high,Handwritten disc label,
,,River's Edge,River's Edge,movie,,,,,,,binder,Binder 1,,,handwritten disc,disc,River's Edge,matched,,,,,high,Handwritten disc label,
,,The Passion of the Christ,The Passion of the Christ,movie,,,,,,,binder,Binder 1,,,handwritten disc,disc,The Passion of the Christ,matched,,,,,high,Handwritten disc label,
,,Frequency,Frequency,movie,,,,,,,binder,Binder 1,,,handwritten disc,disc,Frequency,matched,,,,,high,Handwritten disc label,
,,Highwaymen,Highwaymen,movie,,,,,,,binder,Binder 1,,,handwritten disc,disc,Highwaymen,matched,,,,,high,Handwritten disc label,
,,American Outlaws,American Outlaws,movie,,,,,,,binder,Binder 1,,,handwritten disc,disc,American Outlaws,matched,,,,,high,Handwritten disc label,
,,The Forgotten,The Forgotten,movie,,,,,,,binder,Binder 1,,,handwritten disc,disc,The Forgotten,matched,,,,,high,Handwritten disc label,
,,The Ladykillers,The Ladykillers,movie,,,,,,,binder,Binder 1,,,handwritten disc,disc,The Lady Killers,matched,,,,,high,Handwritten disc label,
,,Derailed,Derailed,movie,,,,,,,binder,Binder 1,,,handwritten disc,disc,Derailed,matched,,,,,high,Handwritten disc label,
,,Rabbit-Proof Fence,Rabbit-Proof Fence,movie,,,,,,,binder,Binder 1,,,handwritten disc,disc,Rabbit-Proof Fence,matched,,,,,high,Handwritten disc label,
,,First to Die,First to Die,movie,,,,,,,binder,Binder 1,,,handwritten disc,disc,First to Die disc 1,matched,,,,,high,Handwritten disc label; disc 1,
,,The New Girl,The New Girl,movie,,,,,,,binder,Binder 1,,,handwritten disc,disc,The New Girl,matched,,,,,high,Handwritten disc label,
,,First to Die,First to Die,movie,,,,,,,binder,Binder 1,,,handwritten disc,disc,First to Die disc 2,matched,,,,,high,Handwritten disc label; disc 2,
,,The Lord of the Rings: The Return of the King,The Lord of the Rings: The Return of the King,movie,The Lord of the Rings,,,,,,binder,Binder 1,,,handwritten disc,disc,The Return of the King The Lord of the Rings,matched,,,,,high,Handwritten disc label,
,,Le Divorce,Le Divorce,movie,,,,,,,binder,Binder 1,,,handwritten disc,disc,Le Divorce,matched,,,,,high,Handwritten disc label,
,,Into the Sun,Into the Sun,movie,,,,,,,binder,Binder 1,,,handwritten disc,disc,Into the Sun,matched,,,,,high,Handwritten disc label,
,,Die Another Day,Die Another Day,movie,James Bond,,,,,,binder,Binder 1,,,handwritten disc,disc,Die Another Day,matched,,,,,high,Handwritten disc label; 007 noted on disc,
,,Behind Enemy Lines,Behind Enemy Lines,movie,,,,,,,binder,Binder 1,,,handwritten disc,disc,Behind Enemy Lines,matched,,,,,high,Handwritten disc label,
,,Ned Kelly,Ned Kelly,movie,,,,,,,binder,Binder 1,,,handwritten disc,disc,Ned Kelly,matched,,,,,high,Handwritten disc label,
,,Dogville,Dogville,movie,,,,,,,binder,Binder 1,,,handwritten disc,disc,Dogville,matched,,,,,high,Handwritten disc label,
,,Dogville,Dogville,movie,,,,,,,binder,Binder 1,,,handwritten disc,disc,Dogville disc 2,matched,,,,,high,Handwritten disc label; disc 2,
,,Outland,Outland,movie,,,,,,,binder,Binder 1,,,handwritten disc,disc,Outland,matched,,,,,high,Handwritten disc label,
,,Eye See You,Eye See You,movie,,,,,,,binder,Binder 1,,,handwritten disc,disc,Eye See You,matched,,,,,medium,Handwritten disc label,
,,U Turn,U Turn,movie,,,,,,,binder,Binder 1,,,handwritten disc,disc,Uturn,matched,,,,,medium,Handwritten disc label,
,,The Glimmer Man,The Glimmer Man,movie,,,,,,,binder,Binder 1,,,handwritten disc,disc,The Glimmer Man,matched,,,,,high,Handwritten disc label,
,,A Home at the End of the World,A Home at the End of the World,movie,,,,,,,binder,Binder 1,,,handwritten disc,disc,A Home at the End of The World,matched,,,,,high,Handwritten disc label,
,,Global Effect,Global Effect,movie,,,,,,,binder,Binder 1,,,handwritten disc,disc,Global Effect,matched,,,,,high,Handwritten disc label,
,,Empire,Empire,movie,,,,,,,binder,Binder 1,,,handwritten disc,disc,Empire Two worlds collide,uncertain,,,,,low,Handwritten disc label; may read Empire: Two Worlds Collide,
,,2009: Lost Memories,2009: Lost Memories,movie,,,,,,,binder,Binder 1,,,handwritten disc,disc,2009 Lost Memories,matched,,,,,high,Handwritten disc label,
,,Freeway,Freeway,movie,,,,,,,binder,Binder 1,,,handwritten disc,disc,Freeway,matched,,,,,high,Handwritten disc label,
,,Nightwatch,Nightwatch,movie,,,,,,,binder,Binder 1,,,handwritten disc,disc,Night watch,matched,,,,,medium,Handwritten disc label,
,,Deep Rising,Deep Rising,movie,,,,,,,binder,Binder 1,,,handwritten disc,disc,Deep Rising,matched,,,,,high,Handwritten disc label,
,,Shaolin Soccer,Shaolin Soccer,movie,,,,,,,binder,Binder 1,,,handwritten disc,disc,Shaolin Soccer,matched,,,,,high,Handwritten disc label,
,,Before Sunrise,Before Sunrise,movie,,,,,,,binder,Binder 1,,,handwritten disc,disc,Before Sunrise,matched,,,,,high,Handwritten disc label,
,,Leo,Leo,movie,,,,,,,binder,Binder 1,,,handwritten disc,disc,Leo,uncertain,,,,,low,Handwritten disc label; title may need verification,
,,Sideways,Sideways,movie,,,,,,,binder,Binder 1,,,handwritten disc,disc,Sideways,matched,,,,,high,Handwritten disc label,
,,Assassination Tango,Assassination Tango,movie,,,,,,,binder,Binder 1,,,handwritten disc,disc,Assassination Tango,matched,,,,,high,Handwritten disc label,
,,Harry Potter and the Sorcerer's Stone,Harry Potter and the Sorcerer's Stone,movie,Harry Potter,,,,,,binder,Binder 1,,,handwritten disc,disc,Harry Potter and the Sorcerer's Stone,matched,,,,,high,Handwritten disc label,
,,The Dark Half,The Dark Half,movie,,,,,,,binder,Binder 1,,,handwritten disc,disc,The Dark Half,matched,,,,,high,Handwritten disc label,
,,Iron Monkey: Unmask the Legend,Iron Monkey: Unmask the Legend,movie,,,,,,,binder,Binder 1,,,handwritten disc,disc,Iron Monkey Unmask the Legend,matched,,,,,medium,Handwritten disc label,
,,Cult of Fury,Cult of Fury,movie,,,,,,,binder,Binder 1,,,handwritten disc,disc,Cult of Fury,uncertain,,,,,low,Handwritten disc label; title may need verification,
,,Angel of Death,Angel of Death,movie,,,,,,,binder,Binder 1,,,handwritten disc,disc,Angel of Death,matched,,,,,high,Handwritten disc label,
,,Druids,Druids,movie,,,,,,,binder,Binder 1,,,handwritten disc,disc,Druids,matched,,,,,high,Handwritten disc label,
,,Bottle Rocket,Bottle Rocket,movie,,,,,,,binder,Binder 1,,,handwritten disc,disc,Bottle Rocket,matched,,,,,high,Handwritten disc label,
,,A Price Above Rubies,A Price Above Rubies,movie,,,,,,,binder,Binder 1,,,handwritten disc,disc,A Price Above Rubies,matched,,,,,high,Handwritten disc label,
,,Fled,Fled,movie,,,,,,,binder,Binder 1,,,handwritten disc,disc,Fled,matched,,,,,high,Handwritten disc label,
,,The Prisoner,The Prisoner,movie,,,,,,,binder,Binder 1,,,handwritten disc,disc,The Prisoner,matched,,,,,medium,Handwritten disc label,
,,The Hunter's Moon,The Hunter's Moon,movie,,,,,,,binder,Binder 1,,,handwritten disc,disc,The Hunter's Moon,matched,,,,,medium,Handwritten disc label,
,,Dead Bang,Dead Bang,movie,,,,,,,binder,Binder 1,,,handwritten disc,disc,Dead-Bang,matched,,,,,high,Handwritten disc label,
,,Control,Control,movie,,,,,,,binder,Binder 1,,,handwritten disc,disc,Control,matched,,,,,medium,Handwritten disc label,
,,Training Day,Training Day,movie,,,,,,,binder,Binder 1,,,handwritten disc,disc,Training Day,matched,,,,,high,Handwritten disc label,
,,Someone Like You,Someone Like You,movie,,,,,,,binder,Binder 1,,,handwritten disc,disc,Someone Like You,matched,,,,,high,Handwritten disc label,
,,Never Die Alone,Never Die Alone,movie,,,,,,,binder,Binder 1,,,handwritten disc,disc,Never Die Alone,matched,,,,,high,Handwritten disc label,
,,Black Mask,Black Mask,movie,,,,,,,binder,Binder 1,,,handwritten disc,disc,Black Mask,matched,,,,,high,Handwritten disc label,
,,"I, Robot","I, Robot",movie,,,,,,,binder,Binder 1,,,handwritten disc,disc,"I, Robot",matched,,,,,high,Handwritten disc label,
,,The Door in the Floor,The Door in the Floor,movie,,,,,,,binder,Binder 1,,,handwritten disc,disc,The Door In the Floor,matched,,,,,high,Handwritten disc label,
,,The Real McCoy,The Real McCoy,movie,,,,,,,binder,Binder 1,,,handwritten disc,disc,The Real McCoy,matched,,,,,high,Handwritten disc label,
,,City of Angels,City of Angels,movie,,,,,,,binder,Binder 1,,,handwritten disc,disc,City of Angels,matched,,,,,high,Handwritten disc label,
,,The Lord of the Rings: The Return of the King,The Lord of the Rings: The Return of the King,movie,The Lord of the Rings,,,1,1,1,binder,Binder 1,,,handwritten disc,disc,The Lord of the Rings: The Return of the King Extended Edition disc 1,matched,,,,,high,Handwritten disc label; Extended Edition disc 1,
,,The Lord of the Rings: The Return of the King,The Lord of the Rings: The Return of the King,movie,The Lord of the Rings,,,2,2,2,binder,Binder 1,,,handwritten disc,disc,The Lord of the Rings: The Return of the King Extended Edition disc 2,matched,,,,,high,Handwritten disc label; Extended Edition disc 2,
,,The Lord of the Rings: The Return of the King,The Lord of the Rings: The Return of the King,movie,The Lord of the Rings,,,5,5,5,binder,Binder 1,,,handwritten disc,disc,The Return of the King The Appendices Part 5: The War of the Ring,matched,,,,,high,Handwritten disc label; Appendices Part 5: The War of the Ring,
,,The Lord of the Rings: The Return of the King,The Lord of the Rings: The Return of the King,movie,The Lord of the Rings,,,6,6,6,binder,Binder 1,,,handwritten disc,disc,The Return of the King The Appendices Part 6: The Passing of an Age,matched,,,,,high,Handwritten disc label; Appendices Part 6: The Passing of an Age,
,,A.I. Artificial Intelligence,A.I. Artificial Intelligence,movie,,,,,,,binder,Binder 1,,,handwritten disc,disc,A.I. Artificial Intelligence disc 1,matched,,,,,high,Handwritten disc label; disc 1,
,,Confessions of a Dangerous Mind,Confessions of a Dangerous Mind,movie,,,,,,,binder,Binder 1,,,handwritten disc,disc,Confessions of Dangerous Mind,matched,,,,,medium,Handwritten disc label; normalized title includes 'a',
,,A.I. Artificial Intelligence,A.I. Artificial Intelligence,movie,,,,,,,binder,Binder 1,,,handwritten disc,disc,AI Artificial Intelligence disc 2,matched,,,,,high,Handwritten disc label; disc 2,
,,A.I. Artificial Intelligence,A.I. Artificial Intelligence,movie,,,,,,,binder,Binder 1,,,handwritten disc,disc,AI Artificial Intelligence special features,matched,,,,,medium,Handwritten disc label; likely special features disc,
,,Proof of Life,Proof of Life,movie,,,,,,,binder,Binder 1,,,handwritten disc,disc,Proof of Life,matched,,,,,high,Handwritten disc label,
,,Emma,Emma,movie,,,,,,,binder,Binder 1,,,handwritten disc,disc,Emma,matched,,,,,medium,Handwritten disc label; exact adaptation/year not specified,
,,Drowning Mona,Drowning Mona,movie,,,,,,,binder,Binder 1,,,handwritten disc,disc,Drowning Mona,matched,,,,,high,Handwritten disc label,
,,In the Cut,In the Cut,movie,,,,,,,binder,Binder 1,,,handwritten disc,disc,In the Cut,matched,,,,,high,Handwritten disc label,
,,Paparazzi,Paparazzi,movie,,,,,,,binder,Binder 1,,,handwritten disc,disc,Paparazzi,matched,,,,,high,Handwritten disc label,
,,Westender,Westender,movie,,,,,,,binder,Binder 1,,,handwritten disc,disc,Westender,matched,,,,,medium,Handwritten disc label,
,,Never Talk to Strangers,Never Talk to Strangers,movie,,,,,,,binder,Binder 1,,,handwritten disc,disc,Never Talk to Strangers,matched,,,,,high,Handwritten disc label,
,,The Enemy,The Enemy,movie,,,,,,,binder,Binder 1,,,handwritten disc,disc,The Enemy,uncertain,,,,,low,Handwritten disc label; generic title may need verification,
,,Sleepers,Sleepers,movie,,,,,,,binder,Binder 1,,,handwritten disc,disc,Sleepers,matched,,,,,high,Handwritten disc label,
,,Bells of Innocence,Bells of Innocence,movie,,,,,,,binder,Binder 1,,,handwritten disc,disc,Bells of Innocence,matched,,,,,high,Handwritten disc label,
,,The Lord of the Rings: The Return of the King,The Lord of the Rings: The Return of the King,movie,The Lord of the Rings,,,,,,binder,Binder 1,,,handwritten disc,disc,The Lord of the Rings: The Return of the King Special Features,matched,,,,,high,Handwritten disc label; special features disc,
,,Wake of Death,Wake of Death,movie,,,,,,,binder,Binder 1,,,handwritten disc,disc,Wake of Death,matched,,,,,high,Handwritten disc label,
,,Analyze This,Analyze This,movie,,,,,,,binder,Binder 1,,,handwritten disc,disc,Analyze This,matched,,,,,high,Handwritten disc label,
,,Lessons for an Assassin,Lessons for an Assassin,movie,,,,,,,binder,Binder 1,,,handwritten disc,disc,Lessons for an Assassin,matched,,,,,high,Handwritten disc label,
,,The SpongeBob SquarePants Movie,The SpongeBob SquarePants Movie,movie,SpongeBob SquarePants,,,,,,binder,Binder 1,,,handwritten disc,disc,The SpongeBob Squarepants Movie,matched,,,,,high,Handwritten disc label,
,,The Tesseract,The Tesseract,movie,,,,,,,binder,Binder 1,,,handwritten disc,disc,The Tesseract,matched,,,,,high,Handwritten disc label,
,,The Job,The Job,movie,,,,,,,binder,Binder 1,,,handwritten disc,disc,The Job,uncertain,,,,,low,Handwritten disc label; generic title may need verification,
,,After the Sunset,After the Sunset,movie,,,,,,,binder,Binder 1,,,handwritten disc,disc,After the Sunset,matched,,,,,high,Handwritten disc label,
,,Escape from L.A.,Escape from L.A.,movie,,,,,,,binder,Binder 1,,,handwritten disc,disc,Escape from L.A.,matched,,,,,high,Handwritten disc label,
,,13 Moons,13 Moons,movie,,,,,,,binder,Binder 1,,,handwritten disc,disc,13 Moons,matched,,,,,high,Handwritten disc label,
,,The Eliminator,The Eliminator,movie,,,,,,,binder,Binder 1,,,handwritten disc,disc,The Eliminator,uncertain,,,,,low,Handwritten disc label; title may need verification,
,,The Nest,The Nest,movie,,,,,,,binder,Binder 1,,,handwritten disc,disc,The Nest,matched,,,,,medium,Handwritten disc label,
,,Pancho Villa,Pancho Villa,movie,,,,,,,binder,Binder 1,,,handwritten disc,disc,Pancho Villa,matched,,,,,medium,Handwritten disc label,
,,Napoleon Dynamite,Napoleon Dynamite,movie,,,,,,,binder,Binder 1,,,handwritten disc,disc,Napoleon Dynamite,matched,,,,,high,Handwritten disc label,
,,Game of Thrones: The Complete First Season,Game of Thrones: The Complete First Season,tv,Game of Thrones,Season 1,,,,drawer,Drawer,,,drawer,,Game of Thrones: The Complete First Season,matched,,,,,high,,,
,,Game of Thrones: The Complete Second Season,Game of Thrones: The Complete Second Season,tv,Game of Thrones,Season 2,,,,drawer,Drawer,,,drawer,,Game of Thrones: The Complete Second Season,matched,,,,,high,,,
,,Game of Thrones: The Complete Third Season,Game of Thrones: The Complete Third Season,tv,Game of Thrones,Season 3,,,,drawer,Drawer,,,drawer,,Game of Thrones: The Complete Third Season,matched,,,,,high,,,
,,Game of Thrones: The Complete Fourth Season,Game of Thrones: The Complete Fourth Season,tv,Game of Thrones,Season 4,,,,drawer,Drawer,,,drawer,,Game of Thrones: The Complete Fourth Season,matched,,,,,high,,,
,,Game of Thrones: The Complete Fifth Season,Game of Thrones: The Complete Fifth Season,tv,Game of Thrones,Season 5,,,,drawer,Drawer,,,drawer,,Game of Thrones: The Complete Fifth Season,matched,,,,,high,,,
,,Game of Thrones: The Complete Seventh Season,Game of Thrones: The Complete Seventh Season,tv,Game of Thrones,Season 7,,,,drawer,Drawer,,,drawer,,Game of Thrones: The Complete Seventh Season,matched,,,,,high,,,
,,Firefly: The Complete Series,Firefly: The Complete Series,tv,Firefly,Complete Series,,,,drawer,Drawer,,,drawer,,Firefly: The Complete Series,matched,,,,,high,,,
,,"The Complete Scooby-Doo, Where Are You! Collection","The Complete Scooby-Doo, Where Are You! Collection",tv,Scooby-Doo,Complete Series,,,,drawer,Drawer,,,drawer,,"The Complete Scooby-Doo, Where Are You! Collection",matched,,,,,high,,,
,,Star Wars: Episode I - The Phantom Menace,Star Wars: Episode I - The Phantom Menace,movie,Star Wars,,,,,,drawer,Drawer,,,drawer,,Star Wars: Episode I - The Phantom Menace,matched,,,,,high,From Star Wars: The Complete Saga Blu-ray set,
,,Star Wars: Episode II - Attack of the Clones,Star Wars: Episode II - Attack of the Clones,movie,Star Wars,,,,,,drawer,Drawer,,,drawer,,Star Wars: Episode II - Attack of the Clones,matched,,,,,high,From Star Wars: The Complete Saga Blu-ray set,
,,Star Wars: Episode III - Revenge of the Sith,Star Wars: Episode III - Revenge of the Sith,movie,Star Wars,,,,,,drawer,Drawer,,,drawer,,Star Wars: Episode III - Revenge of the Sith,matched,,,,,high,From Star Wars: The Complete Saga Blu-ray set,
,,Star Wars: Episode IV - A New Hope,Star Wars: Episode IV - A New Hope,movie,Star Wars,,,,,,drawer,Drawer,,,drawer,,Star Wars: Episode IV - A New Hope,matched,,,,,high,From Star Wars: The Complete Saga Blu-ray set,
,,Star Wars: Episode V - The Empire Strikes Back,Star Wars: Episode V - The Empire Strikes Back,movie,Star Wars,,,,,,drawer,Drawer,,,drawer,,Star Wars: Episode V - The Empire Strikes Back,matched,,,,,high,From Star Wars: The Complete Saga Blu-ray set,
,,Star Wars: Episode VI - Return of the Jedi,Star Wars: Episode VI - Return of the Jedi,movie,Star Wars,,,,,,drawer,Drawer,,,drawer,,Star Wars: Episode VI - Return of the Jedi,matched,,,,,high,From Star Wars: The Complete Saga Blu-ray set,
,,Alien Anthology,Alien Anthology,movie,Alien,,,,,,drawer,Drawer,,,drawer,,Alien Anthology,matched,,,,,high,Blu-ray anthology; separate from DVD Alien items stored elsewhere,
,,Jurassic Park,Jurassic Park,movie,Jurassic Park,,,,,,drawer,Drawer,,,drawer,,Jurassic Park,matched,,,,,high,From Jurassic Park Adventure Pack,
,,The Lost World: Jurassic Park,The Lost World: Jurassic Park,movie,Jurassic Park,,,,,,drawer,Drawer,,,drawer,,The Lost World: Jurassic Park,matched,,,,,high,From Jurassic Park Adventure Pack,
,,Jurassic Park III,Jurassic Park III,movie,Jurassic Park,,,,,,drawer,Drawer,,,drawer,,Jurassic Park III,matched,,,,,high,From Jurassic Park Adventure Pack,
,,The Lord of the Rings,The Lord of the Rings,movie,The Lord of the Rings,,,,,,drawer,Drawer,,,drawer,,The Lord of the Rings,matched,,,,,medium,Animated film,
,,The Lord of the Rings: The Fellowship of the Ring,The Lord of the Rings: The Fellowship of the Ring,movie,The Lord of the Rings,,,,,,drawer,Drawer,,,drawer,,The Lord of the Rings: The Fellowship of the Ring,matched,,,,,high,Extended Edition,
,,The Lord of the Rings: The Two Towers,The Lord of the Rings: The Two Towers,movie,The Lord of the Rings,,,,,,drawer,Drawer,,,drawer,,The Lord of the Rings: The Two Towers,matched,,,,,high,Extended Edition,
,,The Lord of the Rings: The Return of the King,The Lord of the Rings: The Return of the King,movie,The Lord of the Rings,,,,,,drawer,Drawer,,,drawer,,The Lord of the Rings: The Return of the King,matched,,,,,high,Extended Edition,
,,The Hobbit: An Unexpected Journey,The Hobbit: An Unexpected Journey,movie,Middle-earth,,,,,,drawer,Drawer,,,drawer,,The Hobbit: An Unexpected Journey,matched,,,,,high,,
,,Iron Man,Iron Man,movie,Marvel Cinematic Universe,,,,,,drawer,Drawer,,,drawer,,Iron Man,matched,,,,,high,,
,,Captain America: The First Avenger,Captain America: The First Avenger,movie,Marvel Cinematic Universe,,,,,,drawer,Drawer,,,drawer,,Captain America: The First Avenger,matched,,,,,high,,
,,Avengers: Age of Ultron,Avengers: Age of Ultron,movie,Marvel Cinematic Universe,,,,,,drawer,Drawer,,,drawer,,Avengers: Age of Ultron,matched,,,,,high,,
,,Captain America: Civil War,Captain America: Civil War,movie,Marvel Cinematic Universe,,,,,,drawer,Drawer,,,drawer,,Captain America: Civil War,matched,,,,,high,User identified from spine as Avengers Civil War,
,,Eternals,Eternals,movie,Marvel Cinematic Universe,,,,,,drawer,Drawer,,,drawer,,Eternals,matched,,,,,high,,
,,Superman,Superman,movie,DC,,,,,,drawer,Drawer,,,drawer,,Superman,matched,,,,,medium,James Gunn film,
,,Alice in Wonderland,Alice in Wonderland,movie,Disney,,,,,,drawer,Drawer,,,drawer,,Alice in Wonderland,matched,,,,,high,One copy only; duplicate removed,
,,Oppenheimer,Oppenheimer,movie,,,,,,,drawer,Drawer,,,drawer,,Oppenheimer,matched,,,,,high,,
,,Disney's A Christmas Carol,Disney's A Christmas Carol,movie,Disney,,,,,,drawer,Drawer,,,drawer,,Disney's A Christmas Carol,matched,,,,,high,,
,,Sleepwalking,Sleepwalking,movie,,,,,,,drawer,Drawer,,,drawer,,Sleepwalking,matched,,,,,high,,
,,Troy,Troy,movie,,,,,,,drawer,Drawer,,,drawer,,Troy,matched,,,,,high,Extended Edition; Brad Pitt version,
,,The Polar Express,The Polar Express,movie,,,,,,,drawer,Drawer,,,drawer,,The Polar Express,matched,,,,,high,,
,,Beauty and the Beast,Beauty and the Beast,movie,Disney,,,,,,drawer,Drawer,,,drawer,,Beauty and the Beast,matched,,,,,high,Live-action version,
,,Mary Poppins Returns,Mary Poppins Returns,movie,Disney,,,,,,drawer,Drawer,,,drawer,,Mary Poppins Returns,matched,,,,,high,,
,,The Lion King,The Lion King,movie,Disney,,,,,,drawer,Drawer,,,drawer,,The Lion King,matched,,,,,high,Diamond Edition,
,,Space Jam,Space Jam,movie,,,,,,,drawer,Drawer,,,drawer,,Space Jam,matched,,,,,high,,
,,The Jungle Book,The Jungle Book,movie,Disney,,,,,,drawer,Drawer,,,drawer,,The Jungle Book,matched,,,,,high,Live-action version,
,,Tangled,Tangled,movie,Disney,,,,,,drawer,Drawer,,,drawer,,Tangled,matched,,,,,high,,
,,Pixels,Pixels,movie,,,,,,,drawer,Drawer,,,drawer,,Pixels,matched,,,,,high,,
,,The Dark Tower,The Dark Tower,movie,,,,,,,drawer,Drawer,,,drawer,,The Dark Tower,matched,,,,,high,,
,,Pocahontas,Pocahontas,movie,Disney,,,,,,drawer,Drawer,,,drawer,,Pocahontas,matched,,,,,high,,
,,Frosty's Winter Wonderland,Frosty's Winter Wonderland,movie,,,,,,,drawer,Drawer,,,drawer,,Frosty's Winter Wonderland,matched,,,,,high,,
,,Santa Claus: The Movie,Santa Claus: The Movie,movie,,,,,,,drawer,Drawer,,,drawer,,Santa Claus: The Movie,matched,,,,,high,,
,,Spirit: Stallion of the Cimarron,Spirit: Stallion of the Cimarron,movie,,,,,,,drawer,Drawer,,,drawer,,Spirit: Stallion of the Cimarron,matched,,,,,high,,
,,"Phil Collins: Going Back - Live at Roseland Ballroom, NYC","Phil Collins: Going Back - Live at Roseland Ballroom, NYC",music,,,,,,,drawer,Drawer,,,drawer,,"Phil Collins: Going Back - Live at Roseland Ballroom, NYC",matched,,,,,high,Concert release,
,,The Best of Riverdance,The Best of Riverdance,music,,,,,,,drawer,Drawer,,,drawer,,The Best of Riverdance,matched,,,,,high,Performance release,
,,Species,Species,movie,Species,,,,,,binder,Binder 1,,,handwritten disc,disc,Species,matched,,,,,high,Handwritten disc label,
,,Frankenstein,Frankenstein,movie,,,,,,,binder,Binder 1,,,handwritten disc,disc,Frankenstein,uncertain,,,,,low,Handwritten disc label; exact version unclear,
,,Hamlet,Hamlet,movie,,,,,,,binder,Binder 1,,,handwritten disc,disc,Hamlet,uncertain,,,,,low,Handwritten disc label; exact version unclear,
,,Romeo Must Die,Romeo Must Die,movie,,,,,,,binder,Binder 1,,,handwritten disc,disc,Romeo Must Die,matched,,,,,high,Handwritten disc label,
,,Taxi,Taxi,movie,,,,,,,binder,Binder 1,,,handwritten disc,disc,Taxi,uncertain,,,,,low,Handwritten disc label; exact version unclear,
,,Zoolander,Zoolander,movie,,,,,,,binder,Binder 1,,,handwritten disc,disc,Zoolander,matched,,,,,high,Handwritten disc label,
,,FX: Murder by Illusion,FX: Murder by Illusion,movie,,,,,,,binder,Binder 1,,,handwritten disc,disc,FX: Murder by Illusion,matched,,,,,high,Handwritten disc label,
,,Master and Commander: The Far Side of the World,Master and Commander: The Far Side of the World,movie,,,,,,,binder,Binder 1,,,handwritten disc,disc,Master & Commander,matched,,,,,medium,Handwritten disc label; normalized from shortened label,
,,Catwoman,Catwoman,movie,DC,,,,,,binder,Binder 1,,,handwritten disc,disc,Cat woman,matched,,,,,high,Handwritten disc label,
,,Practical Magic,Practical Magic,movie,,,,,,,binder,Binder 1,,,handwritten disc,disc,Practical Magic,matched,,,,,high,Handwritten disc label,
,,The Mod Squad,The Mod Squad,movie,,,,,,,binder,Binder 1,,,handwritten disc,disc,The Mod Squad,matched,,,,,high,Handwritten disc label,
,,Crossworlds,Crossworlds,movie,,,,,,,binder,Binder 1,,,handwritten disc,disc,Crossworlds,matched,,,,,high,Handwritten disc label,
,,Ladder 49,Ladder 49,movie,,,,,,,binder,Binder 1,,,handwritten disc,disc,Ladder 49,matched,,,,,high,Handwritten disc label,
,,"Crouching Tiger, Hidden Dragon","Crouching Tiger, Hidden Dragon",movie,,,,,,,binder,Binder 1,,,handwritten disc,disc,"Crouching Tiger, Hidden Dragon",matched,,,,,high,Handwritten disc label,
,,Brother Bear,Brother Bear,movie,Disney,,,,,,binder,Binder 1,,,handwritten disc,disc,Brother Bear,matched,,,,,high,Handwritten disc label,
,,Pay It Forward,Pay It Forward,movie,,,,,,,binder,Binder 1,,,handwritten disc,disc,Pay It Forward,matched,,,,,high,Handwritten disc label,
,,The Yards,The Yards,movie,,,,,,,binder,Binder 1,,,handwritten disc,disc,The Yards,matched,,,,,high,Handwritten disc label,
,,Dogma,Dogma,movie,,,,,,,binder,Binder 1,,,handwritten disc,disc,Dogma,matched,,,,,high,Handwritten disc label,
,,DodgeBall: A True Underdog Story,DodgeBall: A True Underdog Story,movie,,,,,,,binder,Binder 1,,,handwritten disc,disc,Dodge Ball,matched,,,,,medium,Handwritten disc label; normalized from shorthand label,
,,Strange Days,Strange Days,movie,,,,,,,binder,Binder 1,,,handwritten disc,disc,Strange Days,matched,,,,,high,Handwritten disc label,
,,Punch-Drunk Love,Punch-Drunk Love,movie,,,,,,,binder,Binder 1,,,handwritten disc,disc,Punch Drunk Love,matched,,,,,high,Handwritten disc label,
,,Punch-Drunk Love,Punch-Drunk Love,movie,,,,,,,binder,Binder 1,,,handwritten disc,disc,Punch Drunk Love (Features),matched,,,,,medium,Handwritten disc label; special/features disc,
,,Apocalypse Now,Apocalypse Now,movie,,,,,,,binder,Binder 1,,,handwritten disc,disc,The Apocalypse,uncertain,,,,,low,Handwritten disc label; may read The Apocalypse or shorthand for Apocalypse Now,
,,The Power of One,The Power of One,movie,,,,,,,binder,Binder 1,,,handwritten disc,disc,The Power of One,matched,,,,,high,Handwritten disc label,
,,Voltron: Defender of the Universe - The Complete Original Series,Voltron: Defender of the Universe - The Complete Original Series,tv,Voltron,Complete Series,,,,drawer,Drawer,,,drawer,dvd,Voltron Defender of the Universe The Complete Original Series,matched,,,,,high,Boxed set on shelf; user requested drawer location,,
,,Eyes Wide Shut,Eyes Wide Shut,movie,,,,,,,drawer,Drawer,,,drawer,blu-ray,Kubrick's Eyes Wide Shut,matched,,,,,high,Boxed case on shelf; user requested drawer location,
,,End of Days,End of Days,movie,,,,,,,binder,Binder 1,,,handwritten disc,disc,End of Days,matched,,,,,high,Handwritten disc label,
,,The Sum of All Fears,The Sum of All Fears,movie,,,,,,,binder,Binder 1,,,handwritten disc,disc,The Sum of all Fears,matched,,,,,high,Handwritten disc label,
,,Shaun of the Dead,Shaun of the Dead,movie,,,,,,,binder,Binder 1,,,handwritten disc,disc,Shaun of the Dead,matched,,,,,high,Handwritten disc label,
,,Keeping the Faith,Keeping the Faith,movie,,,,,,,binder,Binder 1,,,handwritten disc,disc,Keeping the Faith,matched,,,,,high,Handwritten disc label,
,,Timeline,Timeline,movie,,,,,,,binder,Binder 1,,,handwritten disc,disc,Timeline,matched,,,,,high,Handwritten disc label,
,,Dawn of the Dead,Dawn of the Dead,movie,,,,,,,binder,Binder 1,,,handwritten disc,disc,Dawn of the Dead,uncertain,,,,,medium,Handwritten disc label; exact version unclear,
,,Léon: The Professional,Léon: The Professional,movie,,,,,,,binder,Binder 1,,,handwritten disc,disc,The Professional,matched,,,,,medium,Handwritten disc label; normalized from alternate title,
,,Smallville: The Complete Series,Smallville: The Complete Series,tv,Smallville,Complete Series,,,,drawer,Drawer,,,drawer,,Smallville: The Complete Series,matched,,,,,high,Complete series box set,,
,,Spartacus: Complete Series,Spartacus: Complete Series,tv,Spartacus,Complete Series + Gods of the Arena,,,,,digital,Fandango at Home,,,digital library,digital,Spartacus: Blood and Sand; Gods of the Arena; Vengeance; War of the Damned,matched,,,,,high,Digital ownership on Fandango at Home; includes the full main series and Gods of the Arena,
,,Babylon 5: Complete Series,Babylon 5: Complete Series,tv,Babylon 5,Complete Series,,,,,digital,Fandango at Home,,,digital library,digital,Babylon 5 Complete Series,matched,,,,,high,Digital ownership on Fandango at Home,
,,The Magicians,The Magicians,tv,The Magicians,Season 2,,,,,digital,Fandango at Home,,,digital library,digital,The Magicians Season 2,matched,,,,,high,Digital ownership on Fandango at Home,
,,The Magicians,The Magicians,tv,The Magicians,Season 4,,,,,digital,Fandango at Home,,,digital library,digital,The Magicians Season 4,matched,,,,,high,Digital ownership on Fandango at Home,
,,Buffy the Vampire Slayer: Complete Series,Buffy the Vampire Slayer: Complete Series,tv,Buffy the Vampire Slayer,Complete Series,,,,,digital,Fandango at Home,,,digital library,digital,Buffy the Vampire Slayer Complete Series,matched,,,,,high,Digital ownership on Fandango at Home,
,,Game of Thrones,Game of Thrones,tv,Game of Thrones,Seasons 3-6,,,,,digital,Fandango at Home,,,digital library,digital,"Game of Thrones Seasons 3, 4, 5, and 6",matched,,,,,high,Digital ownership on Fandango at Home; seasons 3 through 6 only,