entry_id,title_normalized,title_display,media_type,franchise,season_set,part_volume,disc_start,disc_end,disc_count,storage_type,container_name,slot_start,slot_end,location_detail,format,label_raw,title_match_status,tmdb_id,tmdb_media_type,poster_path,release_year,match_confidence,notes
INV-0001,babylon 5 season 1,Babylon 5: Season 1,tv,Babylon 5,1,,30,35,6,discgear,Container C,30,35,,,,unmatched,,,,,,
INV-0002,babylon 5 season 2,Babylon 5: Season 2,tv,Babylon 5,2,,36,41,6,discgear,Container C,36,41,,,,unmatched,,,,,,
INV-0003,babylon 5 season 3,Babylon 5: Season 3,tv,Babylon 5,3,,42,46,5,discgear,Container C,42,46,,,,unmatched,,,,,,
INV-0004,babylon 5 season 4,Babylon 5: Season 4,tv,Babylon 5,4,,48,53,6,discgear,Container C,48,53,,,,unmatched,,,,,,
INV-0005,babylon 5 season 5,Babylon 5: Season 5,tv,Babylon 5,5,,54,59,6,discgear,Container C,54,59,,,,unmatched,,,,,,
INV-0006,babylon 5 movie set,Babylon 5: Movie Set,tv,Babylon 5,,,60,64,5,discgear,Container C,60,64,,,,unmatched,,,,,,
INV-0007,babylon 5 the lost tales,Babylon 5: The Lost Tales,tv,Babylon 5,,,96,96,1,discgear,Container C,96,96,,,,unmatched,,,,,,
INV-0008,babylon 5 the legend of the rangers,Babylon 5: The Legend of the Rangers,tv,Babylon 5,,,97,97,1,discgear,Container C,97,97,,,,unmatched,,,,,,
INV-0009,babylon 5 the gathering,Babylon 5: The Gathering,tv,Babylon 5,,,100,100,1,discgear,Container C,100,100,,,,unmatched,,,,,,
INV-0010,battlestar galactica season 1,Battlestar Galactica: Season 1,tv,Battlestar Galactica,1,,65,69,5,discgear,Container C,65,69,,,,unmatched,,,,,,
INV-0011,battlestar galactica season 2.0,Battlestar Galactica: Season 2.0,tv,Battlestar Galactica,2.0,,70,72,3,discgear,Container C,70,72,,,,unmatched,,,,,,
INV-0012,battlestar galactica season 2.5,Battlestar Galactica: Season 2.5,tv,Battlestar Galactica,2.5,,73,75,3,discgear,Container C,73,75,,,,unmatched,,,,,,
INV-0013,battlestar galactica season 3,Battlestar Galactica: Season 3,tv,Battlestar Galactica,3,,76,81,6,discgear,Container C,76,81,,,,unmatched,,,,,,
INV-0014,battlestar galactica season 4,Battlestar Galactica: Season 4,tv,Battlestar Galactica,4,,82,85,4,discgear,Container C,82,85,,,,unmatched,,,,,,
INV-0015,fringe season 1,Fringe: Season 1,tv,Fringe,1,,89,95,7,discgear,Container C,89,95,,,,unmatched,,,,,,
INV-0016,fringe season 2,Fringe: Season 2,tv,Fringe,2,,17,22,6,discgear,Container C,17,22,,,,unmatched,,,,,,
INV-0017,fringe season 3,Fringe: Season 3,tv,Fringe,3,,11,16,6,discgear,Container C,11,16,,,,unmatched,,,,,,
INV-0018,fringe season 4,Fringe: Season 4,tv,Fringe,4,,5,10,6,discgear,Container C,5,10,,,,unmatched,,,,,,
INV-0019,fringe season 5,Fringe: Season 5,tv,Fringe,5,,1,4,4,discgear,Container C,1,4,,,,unmatched,,,,,,
INV-0020,the dresden files season 1,The Dresden Files: Season 1,tv,The Dresden Files,1,,86,88,3,discgear,Container C,86,88,,,,unmatched,,,,,,
INV-0021,resident evil degeneration,Resident Evil: Degeneration,movie,,,,98,98,1,discgear,Container C,98,98,,,,unmatched,,,,,,
INV-0022,my blueberry nights,My Blueberry Nights,movie,,,,99,99,1,discgear,Container C,99,99,,,,unmatched,,,,,,
INV-0023,ghost town,Ghost Town,movie,,,,1,1,1,discgear,Container B,1,1,,,,unmatched,,,,,,
INV-0024,push,Push,movie,,,,2,2,1,discgear,Container B,2,2,,,,unmatched,,,,,,
INV-0025,horton hears a who,Horton Hears a Who!,movie,,,,3,3,1,discgear,Container B,3,3,,,,unmatched,,,,,,
INV-0026,the game plan,The Game Plan,movie,,,,4,4,1,discgear,Container B,4,4,,,,unmatched,,,,,,
INV-0027,monster house,Monster House,movie,,,,5,5,1,discgear,Container B,5,5,,,,unmatched,,,,,,
INV-0028,youve got mail,You've Got Mail,movie,,,,6,6,1,discgear,Container B,6,6,,,,unmatched,,,,,,
INV-0029,young guns,Young Guns,movie,Young Guns,,,7,7,1,discgear,Container B,7,7,,,,unmatched,,,,,,
INV-0030,young guns ii,Young Guns II,movie,Young Guns,,,8,8,1,discgear,Container B,8,8,,,,unmatched,,,,,,
INV-0031,world trade center,World Trade Center,movie,,,,9,9,1,discgear,Container B,9,9,,,,unmatched,,,,,,
INV-0032,wimbledon,Wimbledon,movie,,,,10,10,1,discgear,Container B,10,10,,,,unmatched,,,,,,
INV-0033,what dreams may come,What Dreams May Come,movie,,,,11,11,1,discgear,Container B,11,11,,,,unmatched,,,,,,
INV-0034,we are marshall,We Are Marshall,movie,,,,12,12,1,discgear,Container B,12,12,,,,unmatched,,,,,,
INV-0035,the water horse,The Water Horse,movie,,,,13,13,1,discgear,Container B,13,13,,,,unmatched,,,,,,
INV-0036,tristan and isolde,Tristan & Isolde,movie,,,,14,14,1,discgear,Container B,14,14,,,,unmatched,,,,,,
INV-0037,the truman show,The Truman Show,movie,,,,15,15,1,discgear,Container B,15,15,,,,unmatched,,,,,,
INV-0038,top gun,Top Gun,movie,,,,16,16,1,discgear,Container B,16,16,,,,unmatched,,,,,,
INV-0039,tmnt,TMNT,movie,,,,17,17,1,discgear,Container B,17,17,,,,unmatched,,,,,,
INV-0040,timeline,Timeline,movie,,,,18,18,1,discgear,Container B,18,18,,,,unmatched,,,,,,
INV-0041,the time machine,The Time Machine,movie,,,,19,19,1,discgear,Container B,19,19,,,,unmatched,,,,,,
INV-0042,storm of the century,Storm of the Century,tv,,,,20,20,1,discgear,Container B,20,20,,,,unmatched,,,,,,
INV-0043,stardust,Stardust,movie,,,,21,21,1,discgear,Container B,21,21,,,,unmatched,,,,,,
INV-0044,spider-man 2.1,Spider-Man 2.1,movie,Spider-Man,,2.1,22,22,1,discgear,Container B,22,22,,,,unmatched,,,,,,
INV-0045,spider-man 3,Spider-Man 3,movie,Spider-Man,,3,23,23,1,discgear,Container B,23,23,,,,unmatched,,,,,,
INV-0046,sideways,Sideways,movie,,,,24,24,1,discgear,Container B,24,24,,,,unmatched,,,,,,
INV-0047,shakespeare in love,Shakespeare in Love,movie,,,,25,25,1,discgear,Container B,25,25,,,,unmatched,,,,,,
INV-0048,robin hood prince of thieves,Robin Hood: Prince of Thieves,movie,,,,26,26,1,discgear,Container B,26,26,,,,unmatched,,,,,,
INV-0049,first blood,First Blood,movie,Rambo,,1,27,27,1,discgear,Container B,27,27,,,,unmatched,,,,,,
INV-0050,rambo first blood part ii,Rambo: First Blood Part II,movie,Rambo,,2,28,28,1,discgear,Container B,28,28,,,,unmatched,,,,,,
INV-0051,rambo iii,Rambo III,movie,Rambo,,3,29,29,1,discgear,Container B,29,29,,,,unmatched,,,,,,
INV-0052,rambo 2008,Rambo,movie,Rambo,,4,30,30,1,discgear,Container B,30,30,,,,unmatched,,,,,,
INV-0053,predator,Predator,movie,,,,31,31,1,discgear,Container B,31,31,,,,unmatched,,,,,,
INV-0054,planet of the apes 2001,Planet of the Apes,movie,,,,32,32,1,discgear,Container B,32,32,,,,unmatched,,,,,,
INV-0055,pirates of the caribbean at worlds end,Pirates of the Caribbean: At World's End,movie,Pirates of the Caribbean,,3,33,33,1,discgear,Container B,33,33,,,,unmatched,,,,,,
INV-0056,pathfinder,Pathfinder,movie,,,,34,34,1,discgear,Container B,34,34,,,,unmatched,,,,,,
INV-0057,poltergeist,Poltergeist,movie,,,,35,35,1,discgear,Container B,35,35,,,,unmatched,,,,,,
INV-0058,notting hill,Notting Hill,movie,,,,36,36,1,discgear,Container B,36,36,,,,unmatched,,,,,,
INV-0059,national treasure book of secrets,National Treasure: Book of Secrets,movie,National Treasure,,2,37,37,1,discgear,Container B,37,37,,,,unmatched,,,,,,
INV-0060,nacho libre,Nacho Libre,movie,,,,38,38,1,discgear,Container B,38,38,,,,unmatched,,,,,,
INV-0061,the musketeer,The Musketeer,movie,,,,39,39,1,discgear,Container B,39,39,,,,unmatched,,,,,,
INV-0062,the monster squad,The Monster Squad,movie,,,,40,40,1,discgear,Container B,40,40,,,,unmatched,,,,,,
INV-0063,match point,Match Point,movie,,,,41,41,1,discgear,Container B,41,41,,,,unmatched,,,,,,
INV-0064,look whos talking,Look Who's Talking,movie,,,,42,42,1,discgear,Container B,42,42,,,,unmatched,,,,,,
INV-0065,beowulf 2007,Beowulf,movie,,,,43,43,1,discgear,Container B,43,43,,,,unmatched,,,,,,
INV-0066,alien,Alien,movie,Alien,,1,44,44,1,discgear,Container B,44,44,,,,unmatched,,,,,,
INV-0067,aliens,Aliens,movie,Alien,,2,45,45,1,discgear,Container B,45,45,,,,unmatched,,,,,,
INV-0068,alien 3,Alien 3,movie,Alien,,3,46,46,1,discgear,Container B,46,46,,,,unmatched,,,,,,
INV-0069,the addams family,The Addams Family,movie,Addams Family,,1,48,48,1,discgear,Container B,48,48,,,,unmatched,,,,,,
INV-0070,addams family values,Addams Family Values,movie,Addams Family,,2,48,48,1,discgear,Container B,48,48,,,,unmatched,,,,,,
INV-0071,a few good men,A Few Good Men,movie,,,,49,49,1,discgear,Container B,49,49,,,,unmatched,,,,,,
INV-0072,a walk to remember,A Walk to Remember,movie,,,,50,50,1,discgear,Container B,50,50,,,,unmatched,,,,,,
INV-0073,the aviator,The Aviator,movie,,,,51,51,1,discgear,Container B,51,51,,,,unmatched,,,,,,
INV-0074,august rush,August Rush,movie,,,,52,52,1,discgear,Container B,52,52,,,,unmatched,,,,,,
INV-0075,armageddon,Armageddon,movie,,,,53,53,1,discgear,Container B,53,53,,,,unmatched,,,,,,
INV-0076,american psycho,American Psycho,movie,,,,54,54,1,discgear,Container B,54,54,,,,unmatched,,,,,,
INV-0077,the american president,The American President,movie,,,,55,55,1,discgear,Container B,55,55,,,,unmatched,,,,,,
INV-0078,the lodger,The Lodger,movie,,,,56,56,1,discgear,Container B,56,56,,,,unmatched,,,,,,
INV-0079,wolf,Wolf,movie,,,,57,57,1,discgear,Container B,57,57,,,,unmatched,,,,,,
INV-0080,richard iii,Richard III,movie,,,,58,58,1,discgear,Container B,58,58,,,,unmatched,,,,,,
INV-0081,fur,Fur,movie,,,,59,59,1,discgear,Container B,59,59,,,,unmatched,,,,,,
INV-0082,the reading room,The Reading Room,movie,,,,60,60,1,discgear,Container B,60,60,,,,unmatched,,,,,,
INV-0083,evolution,Evolution,movie,,,,61,61,1,discgear,Container B,61,61,,,,unmatched,,,,,,
INV-0084,the incredible hulk,The Incredible Hulk,movie,MCU,,,62,62,1,discgear,Container B,62,62,,,,unmatched,,,,,,
INV-0085,my sassy girl,My Sassy Girl,movie,,,,63,63,1,discgear,Container B,63,63,,,,unmatched,,,,,,
INV-0086,office space,Office Space,movie,,,,64,64,1,discgear,Container B,64,64,,,,unmatched,,,,,,
INV-0087,immortal beloved,Immortal Beloved,movie,,,,65,65,1,discgear,Container B,65,65,,,,unmatched,,,,,,
INV-0088,the forgotten,The Forgotten,movie,,,,66,66,1,discgear,Container B,66,66,,,,unmatched,,,,,,
INV-0089,excalibur,Excalibur,movie,,,,67,67,1,discgear,Container B,67,67,,,,unmatched,,,,,,
INV-0090,hellboy ii the golden army,Hellboy II: The Golden Army,movie,Hellboy,,2,68,68,1,discgear,Container B,68,68,,,,unmatched,,,,,,
INV-0091,godzilla,Godzilla,movie,Godzilla,,,69,69,1,discgear,Container B,69,69,,,,unmatched,,,,,,
INV-0092,heat,Heat,movie,,,,70,70,1,discgear,Container B,70,70,,,,unmatched,,,,,,
INV-0093,fantastic four rise of the silver surfer,Fantastic Four: Rise of the Silver Surfer,movie,,,,71,71,1,discgear,Container B,71,71,,,,unmatched,,,,,,
INV-0094,jumper,Jumper,movie,,,,72,72,1,discgear,Container B,72,72,,,,unmatched,,,,,,
INV-0095,interview with the vampire,Interview with the Vampire,movie,,,,73,73,1,discgear,Container B,73,73,,,,unmatched,,,,,,
INV-0096,it 1990,It,movie,,,,74,74,1,discgear,Container B,74,74,,,,unmatched,,,,,,
INV-0097,the island,The Island,movie,,,,75,75,1,discgear,Container B,75,75,,,,unmatched,,,,,,
INV-0098,hitman,Hitman,movie,,,,76,76,1,discgear,Container B,76,76,,,,unmatched,,,,,,
INV-0099,hitch,Hitch,movie,,,,77,77,1,discgear,Container B,77,77,,,,unmatched,,,,,,
INV-0100,cloverfield,Cloverfield,movie,,,,78,78,1,discgear,Container B,78,78,,,,unmatched,,,,,,
INV-0101,closer,Closer,movie,,,,79,79,1,discgear,Container B,79,79,,,,unmatched,,,,,,
INV-0102,close encounters of the third kind,Close Encounters of the Third Kind,movie,,,,80,80,1,discgear,Container B,80,80,,,,unmatched,,,,,,
INV-0103,fred claus,Fred Claus,movie,,,,81,81,1,discgear,Container B,81,81,,,,unmatched,,,,,,
INV-0104,deck the halls,Deck the Halls,movie,,,,82,82,1,discgear,Container B,82,82,,,,unmatched,,,,,,
INV-0105,casino royale,Casino Royale,movie,James Bond,,,83,83,1,discgear,Container B,83,83,,,,unmatched,,,,,,
INV-0106,robin hood prince of thieves duplicate,Robin Hood: Prince of Thieves,movie,,,,84,84,1,discgear,Container B,84,84,,,,unmatched,,,,,,
INV-0107,aliens vs predator requiem,Aliens vs. Predator: Requiem,movie,,,,85,85,1,discgear,Container B,85,85,,,,unmatched,,,,,,
INV-0108,disturbia,Disturbia,movie,,,,86,86,1,discgear,Container B,86,86,,,,unmatched,,,,,,
INV-0109,copycat,Copycat,movie,,,,87,87,1,discgear,Container B,87,87,,,,unmatched,,,,,,
INV-0110,elizabeth,Elizabeth,movie,,,,88,88,1,discgear,Container B,88,88,,,,unmatched,,,,,,
INV-0111,gremlins,Gremlins,movie,,,,89,89,1,discgear,Container B,89,89,,,,unmatched,,,,,,
INV-0112,tomb raider 2,Lara Croft Tomb Raider: The Cradle of Life,movie,Tomb Raider,,2,90,90,1,discgear,Container B,90,90,,,,unmatched,,,,,,
INV-0113,short circuit 2,Short Circuit 2,movie,Short Circuit,,2,91,91,1,discgear,Container B,91,91,,,,unmatched,,,,,,
INV-0114,crash 2004,Crash,movie,,,,92,92,1,discgear,Container B,92,92,,,,unmatched,,,,,,
INV-0115,iron man,Iron Man,movie,MCU,,1,93,93,1,discgear,Container B,93,93,,,,unmatched,,,,,,
INV-0116,sin city,Sin City,movie,,,,94,94,1,discgear,Container B,94,94,,,,unmatched,,,,,,
INV-0117,invictus,Invictus,movie,,,,95,95,1,discgear,Container B,95,95,,,,unmatched,,,,,,
INV-0118,pearl harbor,Pearl Harbor,movie,,,,96,97,2,discgear,Container B,96,97,,,,unmatched,,,,,,
INV-0119,lassie,Lassie,movie,,,,98,98,1,discgear,Container B,98,98,,,,unmatched,,,,,,
INV-0120,the joneses,The Joneses,movie,,,,99,99,1,discgear,Container B,99,99,,,,unmatched,,,,,,
INV-0121,the animatrix,The Animatrix,movie,The Matrix,,,100,100,1,discgear,Container B,100,100,,,,unmatched,,,,,,
INV-0122,memoirs of a geisha,Memoirs of a Geisha,movie,,,,1,1,1,discgear,Container E,1,1,,,,unmatched,,,,,,
INV-0123,300,300,movie,300,,,2,2,1,discgear,Container E,2,2,,,,unmatched,,,,,,
INV-0124,underworld awakening,Underworld: Awakening,movie,Underworld,,4,3,3,1,discgear,Container E,3,3,,,,unmatched,,,,,,
INV-0125,underworld rise of the lycans,Underworld: Rise of the Lycans,movie,Underworld,,3,4,4,1,discgear,Container E,4,4,,,,unmatched,,,,,,
INV-0126,speed,Speed,movie,,,,19,19,1,discgear,Container E,19,19,,,,unmatched,,,,,,
INV-0127,my big fat greek wedding 2,My Big Fat Greek Wedding 2,movie,,,,7,7,1,discgear,Container E,7,7,,,,unmatched,,,,,,
INV-0128,oblivion,Oblivion,movie,,,,8,8,1,discgear,Container E,8,8,,,,unmatched,,,,,,
INV-0129,the fifth element,The Fifth Element,movie,,,,31,31,1,discgear,Container E,31,31,,,,unmatched,,,,,,
INV-0130,alien vs predator,Alien vs. Predator,movie,,,,32,32,1,discgear,Container E,32,32,,,,unmatched,,,,,,
INV-0131,the little mermaid,The Little Mermaid,movie,Disney Classics,,,23,23,1,discgear,Container E,23,23,,,,unmatched,,,,,,
INV-0132,aladdin,Aladdin,movie,Disney Classics,,,24,24,1,discgear,Container E,24,24,,,,unmatched,,,,,,
INV-0133,conan the barbarian and destroyer,Conan the Barbarian / Conan the Destroyer,movie,Conan,,,21,21,1,discgear,Container E,21,21,,,,unmatched,,,,,,
INV-0134,clash of the titans 1981,Clash of the Titans,movie,,,,22,22,1,discgear,Container E,22,22,,,,unmatched,,,,,,
INV-0135,the emperor's new groove,The Emperor's New Groove,movie,Disney,,,33,33,1,discgear,Container E,33,33,,,,unmatched,,,,,,
INV-0136,the nativity story,The Nativity Story,movie,,,,35,35,1,discgear,Container E,35,35,,,,unmatched,,,,,,
INV-0137,rocky,Rocky,movie,Rocky,,1,36,36,1,discgear,Container E,36,36,,,,unmatched,,,,,,
INV-0138,red vs blue,Red vs. Blue,tv,,,,44,44,1,discgear,Container E,44,44,,,,unmatched,,,,,,
INV-0139,the notebook,The Notebook,movie,,,,45,45,1,discgear,Container E,45,45,,,,unmatched,,,,,,
INV-0140,wedding crashers,Wedding Crashers,movie,,,,46,46,1,discgear,Container E,46,46,,,,unmatched,,,,,,
INV-0141,underworld,Underworld,movie,Underworld,,1,48,48,1,discgear,Container E,48,48,,,,unmatched,,,,,,
INV-0142,underworld evolution,Underworld: Evolution,movie,Underworld,,2,49,49,1,discgear,Container E,49,49,,,,unmatched,,,,,,
INV-0143,the terminator,The Terminator,movie,Terminator,,1,50,50,1,discgear,Container E,50,50,,,,unmatched,,,,,,
INV-0144,terminator 2 judgment day,Terminator 2: Judgment Day,movie,Terminator,,2,51,51,1,discgear,Container E,51,51,,,,unmatched,,,,,,
INV-0145,terminator 3 rise of the machines,Terminator 3: Rise of the Machines,movie,Terminator,,3,52,52,1,discgear,Container E,52,52,,,,unmatched,,,,,,
INV-0146,blade,Blade,movie,Blade,,1,53,53,1,discgear,Container E,53,53,,,,unmatched,,,,,,
INV-0147,blade ii,Blade II,movie,Blade,,2,54,54,1,discgear,Container E,54,54,,,,unmatched,,,,,,
INV-0148,blade trinity,Blade: Trinity,movie,Blade,,3,55,55,1,discgear,Container E,55,55,,,,unmatched,,,,,,
INV-0149,the lion king,The Lion King,movie,Disney Classics,,,63,63,1,discgear,Container E,63,63,,,,unmatched,,,,,,
INV-0150,finding nemo,Finding Nemo,movie,Disney/Pixar,,,64,64,1,discgear,Container E,64,64,,,,unmatched,,,,,,
INV-0151,tangled,Tangled,movie,Disney,,,65,65,1,discgear,Container E,65,65,,,,unmatched,,,,,,
INV-0152,the chronicles of narnia prince caspian,The Chronicles of Narnia: Prince Caspian,movie,Chronicles of Narnia,,2,66,66,1,discgear,Container E,66,66,,,,unmatched,,,,,,
INV-0153,fantasia,Fantasia,movie,Disney Classics,,,67,67,1,discgear,Container E,67,67,,,,unmatched,,,,,,
INV-0154,fantasia 2000,Fantasia 2000,movie,Disney Classics,,,68,68,1,discgear,Container E,68,68,,,,unmatched,,,,,,
INV-0155,the chronicles of narnia the lion the witch and the wardrobe,"The Chronicles of Narnia: The Lion, the Witch and the Wardrobe",movie,Chronicles of Narnia,,1,69,69,1,discgear,Container E,69,69,,,,unmatched,,,,,,
INV-0156,john carter,John Carter,movie,,,,70,70,1,discgear,Container E,70,70,,,,unmatched,,,,,,
INV-0157,cinderella,Cinderella,movie,Disney Classics,,,71,71,1,discgear,Container E,71,71,,,,unmatched,,,,,,
INV-0158,wall-e,WALL·E,movie,Disney/Pixar,,,72,72,1,discgear,Container E,72,72,,,,unmatched,,,,,,
INV-0159,indiana jones and the kingdom of the crystal skull,Indiana Jones and the Kingdom of the Crystal Skull,movie,Indiana Jones,,4,73,74,2,discgear,Container E,73,74,,,,unmatched,,,,,,
INV-0160,raiders of the lost ark,Raiders of the Lost Ark,movie,Indiana Jones,,1,75,75,1,discgear,Container E,75,75,,,,unmatched,,,,,,
INV-0161,indiana jones and the temple of doom,Indiana Jones and the Temple of Doom,movie,Indiana Jones,,2,76,76,1,discgear,Container E,76,76,,,,unmatched,,,,,,
INV-0162,indiana jones and the last crusade,Indiana Jones and the Last Crusade,movie,Indiana Jones,,3,77,77,1,discgear,Container E,77,77,,,,unmatched,,,,,,
INV-0163,race for your life charlie brown,"Race for Your Life, Charlie Brown",movie,Peanuts,,,78,78,1,discgear,Container E,78,78,,,,unmatched,,,,,,
INV-0164,bon voyage charlie brown,"Bon Voyage, Charlie Brown",movie,Peanuts,,,79,79,1,discgear,Container E,79,79,,,,unmatched,,,,,,
INV-0165,a boy named charlie brown,A Boy Named Charlie Brown,movie,Peanuts,,,80,80,1,discgear,Container E,80,80,,,,unmatched,,,,,,
INV-0166,snoopy come home,"Snoopy, Come Home",movie,Peanuts,,,81,81,1,discgear,Container E,81,81,,,,unmatched,,,,,,
INV-0167,a bugs life,A Bug's Life,movie,Disney/Pixar,,,82,82,1,discgear,Container E,82,82,,,,unmatched,,,,,,
INV-0168,hancock,Hancock,movie,,,,86,86,1,discgear,Container E,86,86,,,,unmatched,,,,,,
INV-0169,frozen,Frozen,movie,Disney,,,87,87,1,discgear,Container E,87,87,,,,unmatched,,,,,,
INV-0170,meet the robinsons,Meet the Robinsons,movie,Disney,,,89,89,1,discgear,Container E,89,89,,,,unmatched,,,,,,
INV-0171,monsters inc,"Monsters, Inc.",movie,Disney/Pixar,,,90,90,1,discgear,Container E,90,90,,,,unmatched,,,,,,
INV-0172,the chronicles of narnia the voyage of the dawn treader,The Chronicles of Narnia: The Voyage of the Dawn Treader,movie,Chronicles of Narnia,,3,91,91,1,discgear,Container E,91,91,,,,unmatched,,,,,,
INV-0173,sleeping beauty,Sleeping Beauty,movie,Disney Classics,,,92,92,1,discgear,Container E,92,92,,,,unmatched,,,,,,
INV-0174,meet dave,Meet Dave,movie,,,,94,94,1,discgear,Container E,94,94,,,,unmatched,,,,,,
INV-0175,tarzan,Tarzan,movie,Disney,,,99,99,1,discgear,Container E,99,99,,,,unmatched,,,,,,
INV-0176,beauty and the beast,Beauty and the Beast,movie,Disney Classics,,,100,100,1,discgear,Container E,100,100,,,,unmatched,,,,,,
INV-0177,tmnt ii the secret of the ooze,TMNT II: The Secret of the Ooze,movie,TMNT,,2,41,41,1,discgear,Container E,41,41,,,,unmatched,,,,,,
INV-0178,tmnt e,TMNT,movie,TMNT,,1,40,40,1,discgear,Container E,40,40,,,,unmatched,,,,,,
INV-0179,firefly complete series d,Firefly: The Complete Series,tv,Firefly,,,4,7,4,discgear,Container D,4,7,,,,unmatched,,,,,,
INV-0180,back to the future part i,Back to the Future,movie,Back to the Future,,1,8,8,1,discgear,Container D,8,8,,,,unmatched,,,,,,
INV-0181,back to the future part ii,Back to the Future Part II,movie,Back to the Future,,2,9,9,1,discgear,Container D,9,9,,,,unmatched,,,,,,
INV-0182,back to the future part iii,Back to the Future Part III,movie,Back to the Future,,3,10,10,1,discgear,Container D,10,10,,,,unmatched,,,,,,
INV-0183,avengers age of ultron d,Avengers: Age of Ultron,movie,MCU,,,11,11,1,discgear,Container D,11,11,,,,unmatched,,,,,,
INV-0184,the avengers d,The Avengers,movie,MCU,,,12,13,2,discgear,Container D,12,13,,,,unmatched,,,,,,
INV-0185,x-men first class d,X-Men: First Class,movie,X-Men,,,14,14,1,discgear,Container D,14,14,,,,unmatched,,,,,,
INV-0186,transformers,Transformers,movie,Transformers,,1,17,17,1,discgear,Container D,17,17,,,,unmatched,,,,,,
INV-0187,transformers revenge of the fallen,Transformers: Revenge of the Fallen,movie,Transformers,,2,18,18,1,discgear,Container D,18,18,,,,unmatched,,,,,,
INV-0188,frank herberts dune,Frank Herbert's Dune,tv,Dune,,,19,21,3,discgear,Container D,19,21,,,,unmatched,,,,,,
INV-0189,children of dune,Children of Dune,tv,Dune,,,22,23,2,discgear,Container D,22,23,,,,unmatched,,,,,,
INV-0190,the goonies,The Goonies,movie,,,,24,24,1,discgear,Container D,24,24,,,,unmatched,,,,,,
INV-0191,dune 1984 extended,Dune,movie,Dune,,,25,25,1,discgear,Container D,25,25,,,,unmatched,,,,,,
INV-0192,the social network,The Social Network,movie,,,,26,26,1,discgear,Container D,26,26,,,,unmatched,,,,,,
INV-0193,within temptation black symphony,Within Temptation: Black Symphony,music,,,,27,27,1,discgear,Container D,27,27,,,,unmatched,,,,,,
INV-0194,thor d,Thor,movie,MCU,,,28,28,1,discgear,Container D,28,28,,,,unmatched,,,,,,
INV-0195,the amazing spider-man 2 d,The Amazing Spider-Man 2,movie,Spider-Man,,,29,29,1,discgear,Container D,29,29,,,,unmatched,,,,,,
INV-0196,the amazing spider-man d,The Amazing Spider-Man,movie,Spider-Man,,,30,30,1,discgear,Container D,30,30,,,,unmatched,,,,,,
INV-0197,iron man 2,Iron Man 2,movie,MCU,,,31,31,1,discgear,Container D,31,31,,,,unmatched,,,,,,
INV-0198,chuck season 1,Chuck: Season 1,tv,Chuck,1,,32,35,4,discgear,Container D,32,35,,,,unmatched,,,,,,
INV-0199,chuck season 2,Chuck: Season 2,tv,Chuck,2,,36,41,6,discgear,Container D,36,41,,,,unmatched,,,,,,
INV-0200,chuck season 3,Chuck: Season 3,tv,Chuck,3,,42,45,5,discgear,Container D,42,45,,,,unmatched,,,,,,
INV-0201,chuck season 4,Chuck: Season 4,tv,Chuck,4,,46,51,6,discgear,Container D,46,51,,,,unmatched,,,,,,
INV-0202,chuck season 5,Chuck: Season 5,tv,Chuck,5,,52,54,3,discgear,Container D,52,54,,,,unmatched,,,,,,
INV-0203,the west wing season 1,The West Wing: Season 1,tv,The West Wing,1,,55,58,4,discgear,Container D,55,58,,,,unmatched,,,,,,
INV-0204,the west wing season 2,The West Wing: Season 2,tv,The West Wing,2,,59,62,4,discgear,Container D,59,62,,,,unmatched,,,,,,
INV-0205,the west wing season 3,The West Wing: Season 3,tv,The West Wing,3,,63,66,4,discgear,Container D,63,66,,,,unmatched,,,,,,
INV-0206,the west wing season 4,The West Wing: Season 4,tv,The West Wing,4,,67,72,6,discgear,Container D,67,72,,,,unmatched,,,,,,
INV-0207,the west wing season 5,The West Wing: Season 5,tv,The West Wing,5,,73,78,6,discgear,Container D,73,78,,,,unmatched,,,,,,
INV-0208,the west wing season 6,The West Wing: Season 6,tv,The West Wing,6,,79,84,6,discgear,Container D,79,84,,,,unmatched,,,,,,
INV-0209,the west wing season 7,The West Wing: Season 7,tv,The West Wing,7,,85,90,6,discgear,Container D,85,90,,,,unmatched,,,,,,
INV-0210,i am legend,I Am Legend,movie,,,,91,91,1,discgear,Container D,91,91,,,,unmatched,,,,,,
INV-0211,hans zimmer live,Hans Zimmer Live,music,,,,92,92,1,discgear,Container D,92,92,,,,unmatched,,,,,,
INV-0212,black swan,Black Swan,movie,,,,94,94,1,discgear,Container D,94,94,,,,unmatched,,,,,,
INV-0213,captain america the first avenger d,Captain America: The First Avenger,movie,MCU,,,97,97,1,discgear,Container D,97,97,,,,unmatched,,,,,,
INV-0214,the shawshank redemption,The Shawshank Redemption,movie,,,,98,98,1,discgear,Container D,98,98,,,,unmatched,,,,,,
INV-0215,within temptation black symphony 2,Within Temptation: Black Symphony,music,,,,100,100,1,discgear,Container D,100,100,,,,unmatched,,,,,,
INV-0216,ghostbusters,Ghostbusters,movie,Ghostbusters,,1,1,1,1,discgear,Container A,1,1,,,,unmatched,,,,,,
INV-0217,ghostbusters ii,Ghostbusters II,movie,Ghostbusters,,2,2,2,1,discgear,Container A,2,2,,,,unmatched,,,,,,
INV-0218,crimson tide,Crimson Tide,movie,,,,6,6,1,discgear,Container A,6,6,,,,unmatched,,,,,,
INV-0219,swat,S.W.A.T.,movie,,,,7,7,1,discgear,Container A,7,7,,,,unmatched,,,,,,
INV-0220,i robot,"I, Robot",movie,,,,8,8,1,discgear,Container A,8,8,,,,unmatched,,,,,,
INV-0221,minority report,Minority Report,movie,,,,9,9,1,discgear,Container A,9,9,,,,unmatched,,,,,,
INV-0222,the sum of all fears,The Sum of All Fears,movie,,,,12,12,1,discgear,Container A,12,12,,,,unmatched,,,,,,
INV-0223,ladyhawke,Ladyhawke,movie,,,,16,16,1,discgear,Container A,16,16,,,,unmatched,,,,,,
INV-0224,x2 x-men united,X2: X-Men United,movie,X-Men,,2,18,18,1,discgear,Container A,18,18,,,,unmatched,,,,,,
INV-0225,x-men,X-Men,movie,X-Men,,1,19,19,1,discgear,Container A,19,19,,,,unmatched,,,,,,
INV-0226,pirates of the caribbean the curse of the black pearl,Pirates of the Caribbean: The Curse of the Black Pearl,movie,Pirates of the Caribbean,,1,21,21,1,discgear,Container A,21,21,,,,unmatched,,,,,,
INV-0227,superman 1978,Superman,movie,Superman,,1,22,22,1,discgear,Container A,22,22,,,,unmatched,,,,,,
INV-0228,superman ii,Superman II,movie,Superman,,2,23,23,1,discgear,Container A,23,23,,,,unmatched,,,,,,
INV-0229,braveheart a,Braveheart,movie,,,,43,43,1,discgear,Container A,43,43,,,,unmatched,,,,,,
INV-0230,harry potter goblet of fire,Harry Potter and the Goblet of Fire,movie,Harry Potter,4,,51,51,1,discgear,Container A,51,51,,,,unmatched,,,,,,
INV-0231,harry potter sorcerers stone,Harry Potter and the Sorcerer's Stone,movie,Harry Potter,1,,50,50,1,discgear,Container A,50,50,,,,unmatched,,,,,,
INV-0232,harry potter chamber of secrets,Harry Potter and the Chamber of Secrets,movie,Harry Potter,2,,49,49,1,discgear,Container A,49,49,,,,unmatched,,,,,,
INV-0233,harry potter prisoner of azkaban,Harry Potter and the Prisoner of Azkaban,movie,Harry Potter,3,,48,48,1,discgear,Container A,48,48,,,,unmatched,,,,,,
INV-0234,the patriot,The Patriot,movie,,,,45,45,1,discgear,Container A,45,45,,,,unmatched,,,,,,
INV-0235,the matrix revolutions,The Matrix Revolutions,movie,The Matrix,,3,62,62,1,discgear,Container A,62,62,,,,unmatched,,,,,,
INV-0236,the matrix reloaded,The Matrix Reloaded,movie,The Matrix,,2,63,63,1,discgear,Container A,63,63,,,,unmatched,,,,,,
INV-0237,the matrix,The Matrix,movie,The Matrix,,1,64,64,1,discgear,Container A,64,64,,,,unmatched,,,,,,
INV-0238,kingdom of heaven,Kingdom of Heaven,movie,,,,65,65,1,discgear,Container A,65,65,,,,unmatched,,,,,,
INV-0239,gladiator a,Gladiator,movie,,,,67,67,1,discgear,Container A,67,67,,,,unmatched,,,,,,
INV-0240,troy,Troy,movie,,,,69,69,1,discgear,Container A,69,69,,,,unmatched,,,,,,
INV-0241,the mummy returns,The Mummy Returns,movie,The Mummy,,2,71,71,1,discgear,Container A,71,71,,,,unmatched,,,,,,
INV-0242,the mummy,The Mummy,movie,The Mummy,,1,72,72,1,discgear,Container A,72,72,,,,unmatched,,,,,,
INV-0243,equilibrium,Equilibrium,movie,,,,74,74,1,discgear,Container A,74,74,,,,unmatched,,,,,,
INV-0244,coming to america,Coming to America,movie,,,,75,75,1,discgear,Container A,75,75,,,,unmatched,,,,,,
INV-0245,supergirl,Supergirl,movie,Superman,,,80,80,1,discgear,Container A,80,80,,,,unmatched,,,,,,
INV-0246,stealth,Stealth,movie,,,,81,81,1,discgear,Container A,81,81,,,,unmatched,,,,,,
INV-0247,the princess bride,The Princess Bride,movie,,,,84,84,1,discgear,Container A,84,84,,,,unmatched,,,,,,
INV-0248,shrek,Shrek,movie,Shrek,,1,88,88,1,discgear,Container A,88,88,,,,unmatched,,,,,,
INV-0249,shrek 2,Shrek 2,movie,Shrek,,2,87,87,1,discgear,Container A,87,87,,,,unmatched,,,,,,
INV-0250,willow,Willow,movie,,,,89,89,1,discgear,Container A,89,89,,,,unmatched,,,,,,
INV-0251,a knights tale,A Knight's Tale,movie,,,,90,90,1,discgear,Container A,90,90,,,,unmatched,,,,,,
INV-0252,dungeons and dragons,Dungeons & Dragons,movie,,,,91,91,1,discgear,Container A,91,91,,,,unmatched,,,,,,
INV-0253,the legend of zorro,The Legend of Zorro,movie,Zorro,,2,93,93,1,discgear,Container A,93,93,,,,unmatched,,,,,,
INV-0254,the mask of zorro,The Mask of Zorro,movie,Zorro,,1,94,94,1,discgear,Container A,94,94,,,,unmatched,,,,,,
INV-0255,hook,Hook,movie,,,,97,97,1,discgear,Container A,97,97,,,,unmatched,,,,,,
INV-0256,pleasantville,Pleasantville,movie,,,,98,98,1,discgear,Container A,98,98,,,,unmatched,,,,,,
INV-0257,the sixth sense,The Sixth Sense,movie,M. Night Shyamalan,,,60,60,1,discgear,Container A,60,60,,,,unmatched,,,,,,
INV-0258,unbreakable a,Unbreakable,movie,M. Night Shyamalan,,,59,59,1,discgear,Container A,59,59,,,,unmatched,,,,,,
INV-0259,signs,Signs,movie,M. Night Shyamalan,,,58,58,1,discgear,Container A,58,58,,,,unmatched,,,,,,
INV-0260,the village,The Village,movie,M. Night Shyamalan,,,57,57,1,discgear,Container A,57,57,,,,unmatched,,,,,,
INV-0261,lotr return of the king extended disc 1,The Lord of the Rings: The Return of the King (Extended) - Disc 1,movie,Lord of the Rings,,,,,1,,binder,,,,,DVD-R,unmatched,,,,,,DVD-R
INV-0262,lotr return of the king extended disc 2,The Lord of the Rings: The Return of the King (Extended) - Disc 2,movie,Lord of the Rings,,,,,1,,binder,,,,,DVD-R,unmatched,,,,,,DVD-R
INV-0263,lotr return of the king appendices part 5,LOTR: Return of the King - Appendices Part 5,extra,Lord of the Rings,,,,,1,,binder,,,,,DVD-R,unmatched,,,,,,DVD-R
INV-0264,lotr return of the king appendices part 6,LOTR: Return of the King - Appendices Part 6,extra,Lord of the Rings,,,,,1,,binder,,,,,DVD-R,unmatched,,,,,,DVD-R
INV-0265,lotr return of the king special features,LOTR: Return of the King - Special Features,extra,Lord of the Rings,,,,,1,,binder,,,,,DVD-R,unmatched,,,,,,DVD-R
INV-0266,ai artificial intelligence disc 1,A.I. Artificial Intelligence - Disc 1,movie,,,,,,1,,binder,,,,,DVD-R,unmatched,,,,,,DVD-R
INV-0267,ai artificial intelligence disc 2,A.I. Artificial Intelligence - Disc 2,movie,,,,,,1,,binder,,,,,DVD-R,unmatched,,,,,,DVD-R
INV-0268,ai artificial intelligence special features,A.I. Artificial Intelligence - Special Features,extra,,,,,,1,,binder,,,,,DVD-R,unmatched,,,,,,DVD-R
INV-0269,collateral disc 1,Collateral - Disc 1,movie,,,,,,1,,binder,,,,,DVD-R,unmatched,,,,,,DVD-R
INV-0270,collateral disc 2,Collateral - Disc 2,movie,,,,,,1,,binder,,,,,DVD-R,unmatched,,,,,,DVD-R
INV-0271,romeo must die,Romeo Must Die,movie,,,,,,1,,binder,,,,,DVD-R,unmatched,,,,,,DVD-R
INV-0272,training day,Training Day,movie,,,,,,1,,binder,,,,,DVD-R,unmatched,,,,,,DVD-R
INV-0273,leon the professional,Léon: The Professional,movie,,,,,,1,,binder,,,,,DVD-R,unmatched,,,,,,DVD-R
INV-0274,behind enemy lines,Behind Enemy Lines,movie,,,,,,1,,binder,,,,,DVD-R,unmatched,,,,,,DVD-R
INV-0275,escape from la,Escape from L.A.,movie,,,,,,1,,binder,,,,,DVD-R,unmatched,,,,,,DVD-R
INV-0276,freejack,Freejack,movie,,,,,,1,,binder,,,,,DVD-R,unmatched,,,,,,DVD-R
INV-0277,garden state,Garden State,movie,,,,,,1,,binder,,,,,DVD-R,unmatched,,,,,,DVD-R
INV-0278,dogville disc 1,Dogville - Disc 1,movie,,,,,,1,,binder,,,,,DVD-R,unmatched,,,,,,DVD-R
INV-0279,dogville disc 2,Dogville - Disc 2,movie,,,,,,1,,binder,,,,,DVD-R,unmatched,,,,,,DVD-R
INV-0280,sideways binder,Sideways,movie,,,,,,1,,binder,,,,,DVD-R,unmatched,,,,,,DVD-R
INV-0281,punch-drunk love,Punch-Drunk Love,movie,,,,,,1,,binder,,,,,DVD-R,unmatched,,,,,,DVD-R
INV-0282,punch-drunk love features,Punch-Drunk Love - Special Features,extra,,,,,,1,,binder,,,,,DVD-R,unmatched,,,,,,DVD-R
INV-0283,shallow grave,Shallow Grave,movie,,,,,,1,,binder,,,,,DVD-R,unmatched,,,,,,DVD-R
INV-0284,rabbit-proof fence,Rabbit-Proof Fence,movie,,,,,,1,,binder,,,,,DVD-R,unmatched,,,,,,DVD-R
INV-0285,species iii,Species III,movie,Species,,3,,,1,,binder,,,,,DVD-R,unmatched,,,,,,DVD-R
INV-0286,nightwatch,Nightwatch,movie,,,,,,1,,binder,,,,,DVD-R,unmatched,,,,,,DVD-R
INV-0287,deep rising,Deep Rising,movie,,,,,,1,,binder,,,,,DVD-R,unmatched,,,,,,DVD-R
INV-0288,the dark half,The Dark Half,movie,,,,,,1,,binder,,,,,DVD-R,unmatched,,,,,,DVD-R
INV-0289,end of days,End of Days,movie,,,,,,1,,binder,,,,,DVD-R,unmatched,,,,,,DVD-R
INV-0290,shaolin soccer,Shaolin Soccer,movie,,,,,,1,,binder,,,,,DVD-R,unmatched,,,,,,DVD-R
INV-0291,2009 lost memories,2009: Lost Memories,movie,,,,,,1,,binder,,,,,DVD-R,unmatched,,,,,,DVD-R
INV-0292,crouching tiger hidden dragon,"Crouching Tiger, Hidden Dragon",movie,,,,,,1,,binder,,,,,DVD-R,unmatched,,,,,,DVD-R
INV-0293,iron monkey,Iron Monkey,movie,,,,,,1,,binder,,,,,DVD-R,unmatched,,,,,,DVD-R
INV-0294,eagles hell freezes over,Eagles: Hell Freezes Over,music,,,,,,1,,binder,,,,,DVD-R,unmatched,,,,,,DVD-R
INV-0295,dark queen,Dark Queen,movie,,,,,,1,,binder,,,,,DVD-R,unmatched,,,,,,DVD-R
INV-0296,empire two worlds collide,Empire: Two Worlds Collide,movie,,,,,,1,,binder,,,,,DVD-R,unmatched,,,,,,DVD-R
INV-0297,leo,Leo,movie,,,,,,1,,binder,,,,,DVD-R,unmatched,,,,,,DVD-R
INV-0298,cult of fury,Cult of Fury,movie,,,,,,1,,binder,,,,,DVD-R,unmatched,,,,,,DVD-R
INV-0299,the eliminator,The Eliminator,movie,,,,,,1,,binder,,,,,DVD-R,unmatched,,,,,,DVD-R
INV-0300,the job,The Job,movie,,,,,,1,,binder,,,,,DVD-R,unmatched,,,,,,DVD-R
INV-0301,game of thrones season 1,Game of Thrones: Season 1,tv,Game of Thrones,1,,,,,drawer,Drawer,,,,,,unmatched,,,,,,
INV-0302,game of thrones season 2,Game of Thrones: Season 2,tv,Game of Thrones,2,,,,,drawer,Drawer,,,,,,unmatched,,,,,,
INV-0303,game of thrones season 3,Game of Thrones: Season 3,tv,Game of Thrones,3,,,,,drawer,Drawer,,,,,,unmatched,,,,,,
INV-0304,game of thrones season 4,Game of Thrones: Season 4,tv,Game of Thrones,4,,,,,drawer,Drawer,,,,,,unmatched,,,,,,
INV-0305,game of thrones season 5,Game of Thrones: Season 5,tv,Game of Thrones,5,,,,,drawer,Drawer,,,,,,unmatched,,,,,,
INV-0306,game of thrones season 7,Game of Thrones: Season 7,tv,Game of Thrones,7,,,,,drawer,Drawer,,,,,,unmatched,,,,,,
INV-0307,firefly the complete series drawer,Firefly: The Complete Series,tv,Firefly,,,,,,drawer,Drawer,,,,,,unmatched,,,,,,
INV-0308,smallville the complete series,Smallville: The Complete Series,tv,Smallville,,,,,,drawer,Drawer,,,,,,unmatched,,,,,,
INV-0309,voltron defender of the universe,Voltron: Defender of the Universe - Complete Series,tv,Voltron,,,,,,drawer,Drawer,,,,,,unmatched,,,,,,
INV-0310,scooby-doo where are you complete,"Scooby-Doo, Where Are You! - Complete Collection",tv,Scooby-Doo,,,,,,drawer,Drawer,,,,,,unmatched,,,,,,
INV-0311,star wars the complete saga,Star Wars: The Complete Saga (Episodes I-VI),movie,Star Wars,,,,,,drawer,Drawer,,,,,,unmatched,,,,,,
INV-0312,jurassic park,Jurassic Park,movie,Jurassic Park,,,,,,drawer,Drawer,,,,,,unmatched,,,,,,
INV-0313,the lost world jurassic park,The Lost World: Jurassic Park,movie,Jurassic Park,,,,,,drawer,Drawer,,,,,,unmatched,,,,,,
INV-0314,jurassic park iii,Jurassic Park III,movie,Jurassic Park,,,,,,drawer,Drawer,,,,,,unmatched,,,,,,
INV-0315,alien anthology,Alien Anthology (4-Film Set),movie,Alien,,,,,,drawer,Drawer,,,,,,unmatched,,,,,,
INV-0316,the lord of the rings animated,The Lord of the Rings (Animated),movie,Lord of the Rings,,,,,,drawer,Drawer,,,,,,unmatched,,,,,,
INV-0317,lotr fellowship of the ring extended drawer,The Lord of the Rings: The Fellowship of the Ring (Extended),movie,Lord of the Rings,,,,,,drawer,Drawer,,,,,,unmatched,,,,,,
INV-0318,lotr the two towers extended drawer,The Lord of the Rings: The Two Towers (Extended),movie,Lord of the Rings,,,,,,drawer,Drawer,,,,,,unmatched,,,,,,
INV-0319,lotr return of the king extended drawer,The Lord of the Rings: The Return of the King (Extended),movie,Lord of the Rings,,,,,,drawer,Drawer,,,,,,unmatched,,,,,,
INV-0320,the hobbit an unexpected journey,The Hobbit: An Unexpected Journey,movie,The Hobbit,,,,,,drawer,Drawer,,,,,,unmatched,,,,,,
INV-0321,iron man drawer,Iron Man,movie,MCU,,,,,,drawer,Drawer,,,,,,unmatched,,,,,,
INV-0322,captain america the first avenger drawer,Captain America: The First Avenger,movie,MCU,,,,,,drawer,Drawer,,,,,,unmatched,,,,,,
INV-0323,avengers age of ultron drawer,Avengers: Age of Ultron,movie,MCU,,,,,,drawer,Drawer,,,,,,unmatched,,,,,,
INV-0324,captain america civil war,Captain America: Civil War,movie,MCU,,,,,,drawer,Drawer,,,,,,unmatched,,,,,,
INV-0325,eternals drawer,Eternals,movie,MCU,,,,,,drawer,Drawer,,,,,,unmatched,,,,,,
INV-0326,alice in wonderland drawer,Alice in Wonderland,movie,Disney,,,,,,drawer,Drawer,,,,,,unmatched,,,,,,
INV-0327,disneys a christmas carol,Disney's A Christmas Carol,movie,Disney,,,,,,drawer,Drawer,,,,,,unmatched,,,,,,
INV-0328,beauty and the beast live action,Beauty and the Beast (Live Action),movie,Disney,,,,,,drawer,Drawer,,,,,,unmatched,,,,,,
INV-0329,mary poppins returns,Mary Poppins Returns,movie,Disney,,,,,,drawer,Drawer,,,,,,unmatched,,,,,,
INV-0330,the lion king diamond edition,The Lion King (Diamond Edition),movie,Disney Classics,,,,,,drawer,Drawer,,,,,,unmatched,,,,,,
INV-0331,the jungle book live action,The Jungle Book (Live Action),movie,Disney,,,,,,drawer,Drawer,,,,,,unmatched,,,,,,
INV-0332,tangled drawer,Tangled,movie,Disney,,,,,,drawer,Drawer,,,,,,unmatched,,,,,,
INV-0333,pocahontas,Pocahontas,movie,Disney Classics,,,,,,drawer,Drawer,,,,,,unmatched,,,,,,
INV-0334,oppenheimer drawer,Oppenheimer,movie,,,,,,,drawer,Drawer,,,,,,unmatched,,,,,,
INV-0335,the dark tower,The Dark Tower,movie,,,,,,,drawer,Drawer,,,,,,unmatched,,,,,,
INV-0336,pixels,Pixels,movie,,,,,,,drawer,Drawer,,,,,,unmatched,,,,,,
INV-0337,phil collins going back live,Phil Collins: Going Back - Live at Roseland Ballroom,music,,,,,,,drawer,Drawer,,,,,,unmatched,,,,,,
INV-0338,the best of riverdance,The Best of Riverdance,music,,,,,,,drawer,Drawer,,,,,,unmatched,,,,,,
INV-0339,babylon 5 complete series digital,Babylon 5: The Complete Series,tv,Babylon 5,,,,,,digital,Fandango at Home,,,,HD,HDX,unmatched,,,,,,
INV-0340,buffy the vampire slayer complete series,Buffy the Vampire Slayer: The Complete Series,tv,Buffy the Vampire Slayer,,,,,,digital,Fandango at Home,,,,HD,HDX,unmatched,,,,,,
INV-0341,spartacus complete series,Spartacus: The Complete Series,tv,Spartacus,,,,,,digital,Fandango at Home,,,,HD,HDX,unmatched,,,,,,
INV-0342,game of thrones season 3 digital,Game of Thrones: Season 3,tv,Game of Thrones,,,,,,digital,Fandango at Home,,,,HD,HDX,unmatched,,,,,,
INV-0343,game of thrones season 4 digital,Game of Thrones: Season 4,tv,Game of Thrones,,,,,,digital,Fandango at Home,,,,HD,HDX,unmatched,,,,,,
INV-0344,game of thrones season 5 digital,Game of Thrones: Season 5,tv,Game of Thrones,,,,,,digital,Fandango at Home,,,,HD,HDX,unmatched,,,,,,
INV-0345,game of thrones season 6 digital,Game of Thrones: Season 6,tv,Game of Thrones,,,,,,digital,Fandango at Home,,,,HD,HDX,unmatched,,,,,,
INV-0346,the magicians season 2,The Magicians: Season 2,tv,The Magicians,,,,,,digital,Fandango at Home,,,,HD,HDX,unmatched,,,,,,
INV-0347,the magicians season 4,The Magicians: Season 4,tv,The Magicians,,,,,,digital,Fandango at Home,,,,HD,HDX,unmatched,,,,,,
INV-0348,300,300,movie,,,,,,,digital,Fandango at Home,,,,HD,HDX,unmatched,,,,2007,,RT: 61% | Studio: Warner Bros. | MA: Yes
INV-0349,300 rise of an empire,300: Rise of an Empire,movie,,,,,,,digital,Fandango at Home,,,,HD,HDX,unmatched,,,,2014,,RT: 45% | Studio: Warner Bros. | MA: Yes
INV-0350,9,9,movie,,,,,,,digital,Fandango at Home,,,,HD,HDX,unmatched,,,,2009,,RT: 57% | Studio: Universal | MA: Yes
INV-0351,a bugs life,A Bug's Life,movie,,,,,,,digital,Fandango at Home,,,,HD,HDX,unmatched,,,,1998,,RT: 92% | Studio: Disney | MA: Yes
INV-0352,a quiet place,A Quiet Place,movie,,,,,,,digital,Fandango at Home,,,,HD,HDX,unmatched,,,,2018,,RT: 96% | Studio: Paramount | MA: No
INV-0353,a wrinkle in time,A Wrinkle in Time,movie,,,,,,,digital,Fandango at Home,,,,HD,HDX,unmatched,,,,2018,,RT: 43% | Studio: Disney | MA: Yes
INV-0354,abraham lincoln vampire hunter,Abraham Lincoln: Vampire Hunter,movie,,,,,,,digital,Fandango at Home,,,,HD,HDX,unmatched,,,,2012,,RT: 34% | Studio: Disney | MA: Yes
INV-0355,alien covenant,Alien: Covenant,movie,,,,,,,digital,Fandango at Home,,,,HD,HDX,unmatched,,,,2017,,RT: 65% | Studio: Disney | MA: Yes
INV-0356,alita battle angel,Alita: Battle Angel,movie,,,,,,,digital,Fandango at Home,,,,HD,HDX,unmatched,,,,2019,,RT: 61% | Studio: Disney | MA: Yes
INV-0357,american hustle,American Hustle,movie,,,,,,,digital,Fandango at Home,,,,4K UHD,UHD,unmatched,,,,2013,,RT: 92% | Studio: Sony | MA: Yes
INV-0358,an american tail,An American Tail,movie,,,,,,,digital,Fandango at Home,,,,HD,HDX,unmatched,,,,1986,,RT: 76% | Studio: Universal | MA: Yes
INV-0359,annihilation,Annihilation,movie,,,,,,,digital,Fandango at Home,,,,4K UHD,UHD,unmatched,,,,2018,,RT: 88% | Studio: Paramount | MA: No
INV-0360,antman,Ant-Man,movie,,,,,,,digital,Fandango at Home,,,,HD,HDX,unmatched,,,,2015,,RT: 83% | Studio: Disney | MA: Yes
INV-0361,antman and the wasp,Ant-Man and the Wasp,movie,,,,,,,digital,Fandango at Home,,,,HD,HDX,unmatched,,,,2018,,RT: 87% | Studio: Disney | MA: Yes
INV-0362,aquaman,Aquaman,movie,,,,,,,digital,Fandango at Home,,,,4K UHD,UHD,unmatched,,,,2018,,RT: 66% | Studio: Warner Bros. | MA: Yes
INV-0363,arrival,Arrival,movie,,,,,,,digital,Fandango at Home,,,,HD,HDX,unmatched,,,,2016,,RT: 94% | Studio: Paramount | MA: No
INV-0364,assassins creed,Assassin's Creed,movie,,,,,,,digital,Fandango at Home,,,,HD,HDX,unmatched,,,,2016,,RT: 18% | Studio: Disney | MA: Yes
INV-0365,avatar,Avatar,movie,,,,,,,digital,Fandango at Home,,,,HD,HDX,unmatched,,,,2009,,RT: 81% | Studio: Disney | MA: Yes
INV-0366,avatar the way of water,Avatar: The Way of Water,movie,,,,,,,digital,Fandango at Home,,,,HD,HDX,unmatched,,,,2022,,RT: 76% | Studio: Disney | MA: Yes
INV-0367,avengers endgame,Avengers: Endgame,movie,,,,,,,digital,Fandango at Home,,,,HD,HDX,unmatched,,,,2019,,RT: 94% | Studio: Disney | MA: Yes
INV-0368,avengers infinity war,Avengers: Infinity War,movie,,,,,,,digital,Fandango at Home,,,,HD,HDX,unmatched,,,,2018,,RT: 85% | Studio: Disney | MA: Yes
INV-0369,barbie,Barbie,movie,,,,,,,digital,Fandango at Home,,,,HD,HDX,unmatched,,,,2023,,RT: 88% | Studio: Warner Bros. | MA: Yes
INV-0370,batman begins,Batman Begins,movie,,,,,,,digital,Fandango at Home,,,,4K UHD,UHD,unmatched,,,,2005,,RT: 85% | Studio: Warner Bros. | MA: Yes
INV-0371,baywatch extended cut,Baywatch: Extended Cut,movie,,,,,,,digital,Fandango at Home,,,,HD,HDX,unmatched,,,,2017,,RT: 18% | Studio: Paramount | MA: No
INV-0372,bean,Bean,movie,,,,,,,digital,Fandango at Home,,,,HD,HDX,unmatched,,,,1997,,RT: 41% | Studio: Universal | MA: Yes
INV-0373,beauty and the beast,Beauty and the Beast,movie,,,,,,,digital,Fandango at Home,,,,HD,HDX,unmatched,,,,2017,,RT: 71% | Studio: Disney | MA: Yes
INV-0374,beauty and the beast signature,Beauty and the Beast (Signature),movie,,,,,,,digital,Fandango at Home,,,,HD,HDX,unmatched,,,,1991,,RT: 95% | Studio: Disney | MA: Yes
INV-0375,beetlejuice,Beetlejuice,movie,,,,,,,digital,Fandango at Home,,,,4K UHD,UHD,unmatched,,,,1988,,RT: 83% | Studio: Warner Bros. | MA: Yes
INV-0376,beetlejuice beetlejuice,Beetlejuice Beetlejuice,movie,,,,,,,digital,Fandango at Home,,,,4K UHD,UHD,unmatched,,,,2024,,RT: 76% | Studio: Warner Bros. | MA: Yes
INV-0377,big fish,Big Fish,movie,,,,,,,digital,Fandango at Home,,,,4K UHD,UHD,unmatched,,,,2004,,RT: 76% | Studio: Sony | MA: Yes
INV-0378,big hero 6,Big Hero 6,movie,,,,,,,digital,Fandango at Home,,,,HD,HDX,unmatched,,,,2015,,RT: 90% | Studio: Disney | MA: Yes
INV-0379,birds of prey,Birds of Prey,movie,,,,,,,digital,Fandango at Home,,,,4K UHD,UHD,unmatched,,,,2020,,RT: 79% | Studio: Warner Bros. | MA: Yes
INV-0380,black panther,Black Panther,movie,,,,,,,digital,Fandango at Home,,,,HD,HDX,unmatched,,,,2018,,RT: 96% | Studio: Disney | MA: Yes
INV-0381,black widow,Black Widow,movie,,,,,,,digital,Fandango at Home,,,,HD,HDX,unmatched,,,,2021,,RT: 79% | Studio: Disney | MA: Yes
INV-0382,blade runner 2049,Blade Runner 2049,movie,,,,,,,digital,Fandango at Home,,,,4K UHD,UHD,unmatched,,,,2017,,RT: 88% | Studio: Warner Bros. | MA: Yes
INV-0383,bram stokers dracula,Bram Stoker's Dracula,movie,,,,,,,digital,Fandango at Home,,,,4K UHD,UHD,unmatched,,,,1992,,RT: 69% | Studio: Sony | MA: Yes
INV-0384,braveheart,Braveheart,movie,,,,,,,digital,Fandango at Home,,,,HD,HDX,unmatched,,,,1995,,RT: 74% | Studio: Paramount | MA: No
INV-0385,brightburn,Brightburn,movie,,,,,,,digital,Fandango at Home,,,,4K UHD,UHD,unmatched,,,,2019,,RT: 57% | Studio: Sony | MA: Yes
INV-0386,buffy the vampire slayer,Buffy the Vampire Slayer,movie,,,,,,,digital,Fandango at Home,,,,HD,HDX,unmatched,,,,1992,,RT: 36% | Studio: Disney | MA: Yes
INV-0387,burlesque,Burlesque,movie,,,,,,,digital,Fandango at Home,,,,HD,HDX,unmatched,,,,2010,,RT: 37% | Studio: Sony | MA: Yes
INV-0388,captain america the winter soldier,Captain America: The Winter Soldier,movie,,,,,,,digital,Fandango at Home,,,,HD,HDX,unmatched,,,,2014,,RT: 90% | Studio: Disney | MA: Yes
INV-0389,captain marvel,Captain Marvel,movie,,,,,,,digital,Fandango at Home,,,,HD,HDX,unmatched,,,,2019,,RT: 79% | Studio: Disney | MA: Yes
INV-0390,chappie,Chappie,movie,,,,,,,digital,Fandango at Home,,,,HD,HDX,unmatched,,,,2015,,RT: 32% | Studio: Sony | MA: Yes
INV-0391,christopher robin,Christopher Robin,movie,,,,,,,digital,Fandango at Home,,,,HD,HDX,unmatched,,,,2018,,RT: 73% | Studio: Disney | MA: Yes
INV-0392,cinderella,Cinderella,movie,,,,,,,digital,Fandango at Home,,,,HD,HDX,unmatched,,,,2015,,RT: 83% | Studio: Disney | MA: Yes
INV-0393,coco,Coco,movie,,,,,,,digital,Fandango at Home,,,,HD,HDX,unmatched,,,,2017,,RT: 97% | Studio: Disney | MA: Yes
INV-0394,conan the barbarian,Conan the Barbarian,movie,,,,,,,digital,Fandango at Home,,,,HD,HDX,unmatched,,,,1982,,RT: 68% | Studio: Universal | MA: Yes
INV-0395,contagion,Contagion,movie,,,,,,,digital,Fandango at Home,,,,4K UHD,UHD,unmatched,,,,2011,,RT: 85% | Studio: Warner Bros. | MA: Yes
INV-0396,cowboys and aliens,Cowboys and Aliens,movie,,,,,,,digital,Fandango at Home,,,,HD,HDX,unmatched,,,,2011,,RT: 44% | Studio: Universal | MA: Yes
INV-0397,crazy rich asians,Crazy Rich Asians,movie,,,,,,,digital,Fandango at Home,,,,HD,HDX,unmatched,,,,2018,,RT: 91% | Studio: Warner Bros. | MA: Yes
INV-0398,crimson peak,Crimson Peak,movie,,,,,,,digital,Fandango at Home,,,,HD,HDX,unmatched,,,,2015,,RT: 72% | Studio: Universal | MA: Yes
INV-0399,crocodile dundee,Crocodile Dundee,movie,,,,,,,digital,Fandango at Home,,,,HD,HDX,unmatched,,,,1986,,RT: 89% | Studio: Paramount | MA: No
INV-0400,darkest hour,Darkest Hour,movie,,,,,,,digital,Fandango at Home,,,,HD,HDX,unmatched,,,,2017,,RT: 84% | Studio: Universal | MA: Yes
INV-0401,dcu batman and harley quinn,DCU: Batman and Harley Quinn,movie,,,,,,,digital,Fandango at Home,,,,HD,HDX,unmatched,,,,2017,,RT: 50% | Studio: Warner Bros. | MA: Yes
INV-0402,deadpool,Deadpool,movie,,,,,,,digital,Fandango at Home,,,,HD,HDX,unmatched,,,,2016,,RT: 85% | Studio: Disney | MA: Yes
INV-0403,deadpool 2,Deadpool 2,movie,,,,,,,digital,Fandango at Home,,,,HD,HDX,unmatched,,,,2018,,RT: 83% | Studio: Disney | MA: Yes
INV-0404,deadpool wolverine,Deadpool & Wolverine,movie,,,,,,,digital,Fandango at Home,,,,4K UHD,UHD,unmatched,,,,2024,,RT: 77% | Studio: Disney | MA: Yes
INV-0405,despicable me,Despicable Me,movie,,,,,,,digital,Fandango at Home,,,,HD,HDX,unmatched,,,,2010,,RT: 80% | Studio: Universal | MA: Yes
INV-0406,despicable me 2,Despicable Me 2,movie,,,,,,,digital,Fandango at Home,,,,HD,HDX,unmatched,,,,2013,,RT: 75% | Studio: Universal | MA: Yes
INV-0407,doctor strange,Doctor Strange,movie,,,,,,,digital,Fandango at Home,,,,HD,HDX,unmatched,,,,2016,,RT: 89% | Studio: Disney | MA: Yes
INV-0408,downton abbey,Downton Abbey,movie,,,,,,,digital,Fandango at Home,,,,HD,HDX,unmatched,,,,2019,,RT: 85% | Studio: Universal | MA: Yes
INV-0409,dracula untold,Dracula Untold,movie,,,,,,,digital,Fandango at Home,,,,4K UHD,UHD,unmatched,,,,2014,,RT: 26% | Studio: Universal | MA: Yes
INV-0410,dune,Dune,movie,,,,,,,digital,Fandango at Home,,,,4K UHD,UHD,unmatched,,,,2021,,RT: 83% | Studio: Warner Bros. | MA: Yes
INV-0411,et the extraterrestrial,E.T. The Extra-Terrestrial,movie,,,,,,,digital,Fandango at Home,,,,HD,HDX,unmatched,,,,1982,,RT: 99% | Studio: Universal | MA: Yes
INV-0412,eternals,Eternals,movie,,,,,,,digital,Fandango at Home,,,,4K UHD,UHD,unmatched,,,,2021,,RT: 48% | Studio: Disney | MA: Yes
INV-0413,fantastic beasts and where to find them,Fantastic Beasts and Where to Find Them,movie,,,,,,,digital,Fandango at Home,,,,4K UHD,UHD,unmatched,,,,2016,,RT: 74% | Studio: Warner Bros. | MA: Yes
INV-0414,fantastic beasts the crimes of grindelwald,Fantastic Beasts: The Crimes of Grindelwald,movie,,,,,,,digital,Fandango at Home,,,,4K UHD,UHD,unmatched,,,,2018,,RT: 36% | Studio: Warner Bros. | MA: Yes
INV-0415,ferngully the last rainforest,Ferngully: The Last Rainforest,movie,,,,,,,digital,Fandango at Home,,,,HD,HDX,unmatched,,,,1992,,RT: 67% | Studio: Shout! Factory | MA: No
INV-0416,fifty shades freed,Fifty Shades Freed,movie,,,,,,,digital,Fandango at Home,,,,HD,HDX,unmatched,,,,2018,,RT: 11% | Studio: Universal | MA: Yes
INV-0417,fight club,Fight Club,movie,,,,,,,digital,Fandango at Home,,,,HD,HDX,unmatched,,,,1999,,RT: 81% | Studio: Disney | MA: Yes
INV-0418,finding dory,Finding Dory,movie,,,,,,,digital,Fandango at Home,,,,HD,HDX,unmatched,,,,2016,,RT: 94% | Studio: Disney | MA: Yes
INV-0419,frozen,Frozen,movie,,,,,,,digital,Fandango at Home,,,,HD,HDX,unmatched,,,,2013,,RT: 89% | Studio: Disney | MA: Yes
INV-0420,frozen ii,Frozen II,movie,,,,,,,digital,Fandango at Home,,,,HD,HDX,unmatched,,,,2019,,RT: 77% | Studio: Disney | MA: Yes
INV-0421,ghost,Ghost,movie,,,,,,,digital,Fandango at Home,,,,HD,HDX,unmatched,,,,1990,,RT: 74% | Studio: Paramount | MA: No
INV-0422,ghost in the shell,Ghost in the Shell,movie,,,,,,,digital,Fandango at Home,,,,HD,HDX,unmatched,,,,2017,,RT: 42% | Studio: Paramount | MA: No
INV-0423,ghostbusters 2016,Ghostbusters (2016),movie,,,,,,,digital,Fandango at Home,,,,HD,HDX,unmatched,,,,2016,,RT: 74% | Studio: Sony | MA: Yes
INV-0424,ghostbusters afterlife,Ghostbusters: Afterlife,movie,,,,,,,digital,Fandango at Home,,,,4K UHD,UHD,unmatched,,,,2021,,RT: 63% | Studio: Sony | MA: Yes
INV-0425,gladiator,Gladiator,movie,,,,,,,digital,Fandango at Home,,,,HD,HDX,unmatched,,,,2000,,RT: 80% | Studio: Paramount | MA: No
INV-0426,glass,Glass,movie,,,,,,,digital,Fandango at Home,,,,4K UHD,UHD,unmatched,,,,2019,,RT: 37% | Studio: Universal | MA: Yes
INV-0427,gods of egypt,Gods of Egypt,movie,,,,,,,digital,Fandango at Home,,,,HD,HDX,unmatched,,,,2016,,RT: 15% | Studio: Lionsgate | MA: No
INV-0428,godzilla,Godzilla,movie,,,,,,,digital,Fandango at Home,,,,HD,HDX,unmatched,,,,2014,,RT: 76% | Studio: Warner Bros. | MA: Yes
INV-0429,godzilla king of the monsters,Godzilla: King of the Monsters,movie,,,,,,,digital,Fandango at Home,,,,4K UHD,UHD,unmatched,,,,2019,,RT: 42% | Studio: Warner Bros. | MA: Yes
INV-0430,gravity,Gravity,movie,,,,,,,digital,Fandango at Home,,,,SD,SD,unmatched,,,,2014,,RT: 96% | Studio: Warner Bros. | MA: Yes
INV-0431,gremlins,Gremlins,movie,,,,,,,digital,Fandango at Home,,,,4K UHD,UHD,unmatched,,,,1984,,RT: 86% | Studio: Warner Bros. | MA: Yes
INV-0432,guardians of the galaxy,Guardians of the Galaxy,movie,,,,,,,digital,Fandango at Home,,,,HD,HDX,unmatched,,,,2014,,RT: 91% | Studio: Disney | MA: Yes
INV-0433,guardians of the galaxy vol 2,Guardians of the Galaxy Vol. 2,movie,,,,,,,digital,Fandango at Home,,,,HD,HDX,unmatched,,,,2017,,RT: 85% | Studio: Disney | MA: Yes
INV-0434,hancock,Hancock,movie,,,,,,,digital,Fandango at Home,,,,HD,HDX,unmatched,,,,2008,,RT: 42% | Studio: Sony | MA: Yes
INV-0435,happy feet,Happy Feet,movie,,,,,,,digital,Fandango at Home,,,,HD,HDX,unmatched,,,,2006,,RT: 76% | Studio: Warner Bros. | MA: Yes
INV-0436,harry potter and the sorcerers stone,Harry Potter and the Sorcerer's Stone,movie,,,,,,,digital,Fandango at Home,,,,HD,HDX,unmatched,,,,2001,,RT: 80% | Studio: Warner Bros. | MA: Yes
INV-0437,harry potter and the chamber of secrets,Harry Potter and the Chamber of Secrets,movie,,,,,,,digital,Fandango at Home,,,,HD,HDX,unmatched,,,,2002,,RT: 82% | Studio: Warner Bros. | MA: Yes
INV-0438,harry potter and the prisoner of azkaban,Harry Potter and the Prisoner of Azkaban,movie,,,,,,,digital,Fandango at Home,,,,HD,HDX,unmatched,,,,2004,,RT: 90% | Studio: Warner Bros. | MA: Yes
INV-0439,harry potter and the goblet of fire,Harry Potter and the Goblet of Fire,movie,,,,,,,digital,Fandango at Home,,,,HD,HDX,unmatched,,,,2005,,RT: 88% | Studio: Warner Bros. | MA: Yes
INV-0440,harry potter and the order of the phoenix,Harry Potter and the Order of the Phoenix,movie,,,,,,,digital,Fandango at Home,,,,HD,HDX,unmatched,,,,2007,,RT: 78% | Studio: Warner Bros. | MA: Yes
INV-0441,harry potter and the halfblood prince,Harry Potter and the Half-Blood Prince,movie,,,,,,,digital,Fandango at Home,,,,HD,HDX,unmatched,,,,2009,,RT: 83% | Studio: Warner Bros. | MA: Yes
INV-0442,harry potter and the deathly hallows part 1,Harry Potter and the Deathly Hallows: Part 1,movie,,,,,,,digital,Fandango at Home,,,,HD,HDX,unmatched,,,,2010,,RT: 77% | Studio: Warner Bros. | MA: Yes
INV-0443,harry potter and the deathly hallows part 2,Harry Potter and the Deathly Hallows: Part 2,movie,,,,,,,digital,Fandango at Home,,,,HD,HDX,unmatched,,,,2011,,RT: 96% | Studio: Warner Bros. | MA: Yes
INV-0444,hocus pocus,Hocus Pocus,movie,,,,,,,digital,Fandango at Home,,,,HD,HDX,unmatched,,,,1993,,RT: 42% | Studio: Disney | MA: Yes
INV-0445,hot rod,Hot Rod,movie,,,,,,,digital,Fandango at Home,,,,HD,HDX,unmatched,,,,2007,,RT: 39% | Studio: Paramount | MA: No
INV-0446,how the grinch stole christmas,How the Grinch Stole Christmas,movie,,,,,,,digital,Fandango at Home,,,,4K UHD,UHD,unmatched,,,,1966,,Studio: Warner Bros. | MA: Yes
INV-0447,how to train your dragon,How to Train Your Dragon,movie,,,,,,,digital,Fandango at Home,,,,HD,HDX,unmatched,,,,2010,,RT: 99% | Studio: Universal | MA: Yes
INV-0448,how to train your dragon 2,How to Train Your Dragon 2,movie,,,,,,,digital,Fandango at Home,,,,HD,HDX,unmatched,,,,2014,,RT: 92% | Studio: Universal | MA: Yes
INV-0449,how to train your dragon the hidden world,How to Train Your Dragon: The Hidden World,movie,,,,,,,digital,Fandango at Home,,,,HD,HDX,unmatched,,,,2019,,RT: 91% | Studio: Universal | MA: Yes
INV-0450,in the heart of the sea,In the Heart of the Sea,movie,,,,,,,digital,Fandango at Home,,,,4K UHD,UHD,unmatched,,,,2015,,RT: 42% | Studio: Warner Bros. | MA: Yes
INV-0451,inception,Inception,movie,,,,,,,digital,Fandango at Home,,,,HD,HDX,unmatched,,,,2010,,RT: 86% | Studio: Warner Bros. | MA: Yes
INV-0452,incredibles 2,Incredibles 2,movie,,,,,,,digital,Fandango at Home,,,,HD,HDX,unmatched,,,,2018,,RT: 93% | Studio: Disney | MA: Yes
INV-0453,independence day,Independence Day,movie,,,,,,,digital,Fandango at Home,,,,HD,HDX,unmatched,,,,1996,,RT: 77% | Studio: Disney | MA: Yes
INV-0454,independence day resurgence,Independence Day: Resurgence,movie,,,,,,,digital,Fandango at Home,,,,HD,HDX,unmatched,,,,2016,,RT: 29% | Studio: Disney | MA: Yes
INV-0455,inferno,Inferno,movie,,,,,,,digital,Fandango at Home,,,,HD,HDX,unmatched,,,,2016,,RT: 23% | Studio: Sony | MA: Yes
INV-0456,interstellar,Interstellar,movie,,,,,,,digital,Fandango at Home,,,,HD,HDX,unmatched,,,,2014,,RT: 73% | Studio: Paramount | MA: No
INV-0457,interview with the vampire,Interview with the Vampire,movie,,,,,,,digital,Fandango at Home,,,,HD,HDX,unmatched,,,,1994,,RT: 66% | Studio: Warner Bros. | MA: Yes
INV-0458,iron man 3,Iron Man 3,movie,,,,,,,digital,Fandango at Home,,,,HD,HDX,unmatched,,,,2013,,RT: 79% | Studio: Disney | MA: Yes
INV-0459,it,It,movie,,,,,,,digital,Fandango at Home,,,,HD,HDX,unmatched,,,,2017,,RT: 85% | Studio: Warner Bros. | MA: Yes
INV-0460,it chapter two,It: Chapter Two,movie,,,,,,,digital,Fandango at Home,,,,4K UHD,UHD,unmatched,,,,2019,,RT: 62% | Studio: Warner Bros. | MA: Yes
INV-0461,jennifers body unrated,Jennifer's Body (Unrated),movie,,,,,,,digital,Fandango at Home,,,,HD,HDX,unmatched,,,,2009,,RT: 47% | Studio: Disney | MA: Yes
INV-0462,jumanji,Jumanji,movie,,,,,,,digital,Fandango at Home,,,,4K UHD,UHD,unmatched,,,,1995,,RT: 56% | Studio: Sony | MA: Yes
INV-0463,jumanji welcome to the jungle,Jumanji: Welcome to the Jungle,movie,,,,,,,digital,Fandango at Home,,,,SD,SD,unmatched,,,,2017,,RT: 76% | Studio: Sony | MA: Yes
INV-0464,jupiter ascending,Jupiter Ascending,movie,,,,,,,digital,Fandango at Home,,,,4K UHD,UHD,unmatched,,,,2015,,RT: 28% | Studio: Warner Bros. | MA: Yes
INV-0465,jurassic world,Jurassic World,movie,,,,,,,digital,Fandango at Home,,,,HD,HDX,unmatched,,,,2015,,RT: 72% | Studio: Universal | MA: Yes
INV-0466,jurassic world fallen kingdom,Jurassic World: Fallen Kingdom,movie,,,,,,,digital,Fandango at Home,,,,4K UHD,UHD,unmatched,,,,2018,,RT: 47% | Studio: Universal | MA: Yes
INV-0467,jurassic world dominion,Jurassic World Dominion,movie,,,,,,,digital,Fandango at Home,,,,4K UHD,UHD,unmatched,,,,2022,,RT: 28% | Studio: Universal | MA: Yes
INV-0468,jurassic world dominion extended cut,Jurassic World Dominion (Extended Cut),extra,,,,,,,digital,Fandango at Home,,,,HD,HDX,unmatched,,,,2022,,RT: 28% | Studio: Universal | MA: Yes
INV-0469,justice league,Justice League,movie,,,,,,,digital,Fandango at Home,,,,4K UHD,UHD,unmatched,,,,2017,,RT: 39% | Studio: Warner Bros. | MA: Yes
INV-0470,keeping up with the joneses,Keeping Up With the Joneses,movie,,,,,,,digital,Fandango at Home,,,,HD,HDX,unmatched,,,,2016,,RT: 19% | Studio: Disney | MA: Yes
INV-0471,kickboxer,Kickboxer,movie,,,,,,,digital,Fandango at Home,,,,HD,HDX,unmatched,,,,1989,,RT: 36% | Studio: Lionsgate | MA: No
INV-0472,king arthur legend of the sword,King Arthur: Legend of the Sword,movie,,,,,,,digital,Fandango at Home,,,,HD,HDX,unmatched,,,,2017,,RT: 31% | Studio: Warner Bros. | MA: Yes
INV-0473,kingsman the golden circle,Kingsman: The Golden Circle,movie,,,,,,,digital,Fandango at Home,,,,HD,HDX,unmatched,,,,2017,,RT: 51% | Studio: Disney | MA: Yes
INV-0474,knives out,Knives Out,movie,,,,,,,digital,Fandango at Home,,,,HD,HDX,unmatched,,,,2019,,RT: 97% | Studio: Lionsgate | MA: No
INV-0475,kong skull island,Kong: Skull Island,movie,,,,,,,digital,Fandango at Home,,,,HD,HDX,unmatched,,,,2017,,RT: 75% | Studio: Warner Bros. | MA: Yes
INV-0476,krampus,Krampus,movie,,,,,,,digital,Fandango at Home,,,,HD,HDX,unmatched,,,,2015,,RT: 67% | Studio: Universal | MA: Yes
INV-0477,kung fu panda,Kung Fu Panda,movie,,,,,,,digital,Fandango at Home,,,,HD,HDX,unmatched,,,,2008,,RT: 87% | Studio: Universal | MA: Yes
INV-0478,la la land,La La Land,movie,,,,,,,digital,Fandango at Home,,,,HD,HDX,unmatched,,,,2016,,RT: 91% | Studio: Lionsgate | MA: No
INV-0479,lady and the tramp,Lady and the Tramp,movie,,,,,,,digital,Fandango at Home,,,,HD,HDX,unmatched,,,,1955,,RT: 91% | Studio: Disney | MA: Yes
INV-0480,last action hero,Last Action Hero,movie,,,,,,,digital,Fandango at Home,,,,4K UHD,UHD,unmatched,,,,1993,,RT: 42% | Studio: Sony | MA: Yes
INV-0481,les miserables,Les Miserables,movie,,,,,,,digital,Fandango at Home,,,,HD,HDX,unmatched,,,,2012,,RT: 70% | Studio: Universal | MA: Yes
INV-0482,logan,Logan,movie,,,,,,,digital,Fandango at Home,,,,HD,HDX,unmatched,,,,2017,,RT: 93% | Studio: Disney | MA: Yes
INV-0483,maleficent,Maleficent,movie,,,,,,,digital,Fandango at Home,,,,HD,HDX,unmatched,,,,2014,,RT: 54% | Studio: Disney | MA: Yes
INV-0484,man of steel,Man of Steel,movie,,,,,,,digital,Fandango at Home,,,,HD,HDX,unmatched,,,,2013,,RT: 57% | Studio: Warner Bros. | MA: Yes
INV-0485,man on a ledge,Man on a Ledge,movie,,,,,,,digital,Fandango at Home,,,,HD,HDX,unmatched,,,,2012,,RT: 31% | Studio: Lionsgate | MA: No
INV-0486,mary poppins returns,Mary Poppins Returns,movie,,,,,,,digital,Fandango at Home,,,,HD,HDX,unmatched,,,,2018,,RT: 80% | Studio: Disney | MA: Yes
INV-0487,miss peregrines home for peculiar children,Miss Peregrine's Home for Peculiar Children,movie,,,,,,,digital,Fandango at Home,,,,HD,HDX,unmatched,,,,2016,,RT: 65% | Studio: Disney | MA: Yes
INV-0488,moana,Moana,movie,,,,,,,digital,Fandango at Home,,,,HD,HDX,unmatched,,,,2017,,RT: 96% | Studio: Disney | MA: Yes
INV-0489,morbius,Morbius,movie,,,,,,,digital,Fandango at Home,,,,HD,HDX,unmatched,,,,2022,,RT: 15% | Studio: Sony | MA: Yes
INV-0490,mr and mrs smith unrated,Mr. and Mrs. Smith (Unrated),movie,,,,,,,digital,Fandango at Home,,,,HD,HDX,unmatched,,,,2005,,RT: 60% | Studio: Disney | MA: Yes
INV-0491,muppets most wanted,Muppets Most Wanted,movie,,,,,,,digital,Fandango at Home,,,,HD,HDX,unmatched,,,,2014,,RT: 80% | Studio: Disney | MA: Yes
INV-0492,murder on the orient express,Murder on the Orient Express,movie,,,,,,,digital,Fandango at Home,,,,HD,HDX,unmatched,,,,2017,,RT: 60% | Studio: Disney | MA: Yes
INV-0493,my little pony the movie,My Little Pony: The Movie,movie,,,,,,,digital,Fandango at Home,,,,HD,HDX,unmatched,,,,2017,,RT: 49% | Studio: Lionsgate | MA: No
INV-0494,now you see me extended,Now You See Me (Extended),movie,,,,,,,digital,Fandango at Home,,,,HD,HDX,unmatched,,,,2013,,RT: 51% | Studio: Lionsgate | MA: No
INV-0495,oblivion,Oblivion,movie,,,,,,,digital,Fandango at Home,,,,HD,HDX,unmatched,,,,2013,,RT: 53% | Studio: Universal | MA: Yes
INV-0496,office space,Office Space,movie,,,,,,,digital,Fandango at Home,,,,HD,HDX,unmatched,,,,1999,,RT: 82% | Studio: Disney | MA: Yes
INV-0497,old,Old,movie,,,,,,,digital,Fandango at Home,,,,4K UHD,UHD,unmatched,,,,2021,,RT: 50% | Studio: Universal | MA: Yes
INV-0498,olympus has fallen,Olympus Has Fallen,movie,,,,,,,digital,Fandango at Home,,,,HD,HDX,unmatched,,,,2013,,RT: 49% | Studio: Sony | MA: Yes
INV-0499,oppenheimer,Oppenheimer,movie,,,,,,,digital,Fandango at Home,,,,HD,HDX,unmatched,,,,2023,,RT: 93% | Studio: Universal | MA: Yes
INV-0500,pacific rim,Pacific Rim,movie,,,,,,,digital,Fandango at Home,,,,HD,HDX,unmatched,,,,2013,,RT: 72% | Studio: Warner Bros. | MA: Yes
INV-0501,pacific rim uprising,Pacific Rim Uprising,movie,,,,,,,digital,Fandango at Home,,,,4K UHD,UHD,unmatched,,,,2018,,RT: 41% | Studio: Universal | MA: Yes
INV-0502,paranormal activity,Paranormal Activity,movie,,,,,,,digital,Fandango at Home,,,,HD,HDX,unmatched,,,,2009,,RT: 82% | Studio: Paramount | MA: No
INV-0503,passengers,Passengers,movie,,,,,,,digital,Fandango at Home,,,,4K UHD,UHD,unmatched,,,,2016,,RT: 30% | Studio: Sony | MA: Yes
INV-0504,pirates of the caribbean dead men tell no tales,Pirates of the Caribbean: Dead Men Tell No Tales,movie,,,,,,,digital,Fandango at Home,,,,HD,HDX,unmatched,,,,2017,,RT: 30% | Studio: Disney | MA: Yes
INV-0505,prometheus,Prometheus,movie,,,,,,,digital,Fandango at Home,,,,HD,HDX,unmatched,,,,2012,,RT: 73% | Studio: Disney | MA: Yes
INV-0506,rampage,Rampage,movie,,,,,,,digital,Fandango at Home,,,,4K UHD,UHD,unmatched,,,,2018,,RT: 51% | Studio: Warner Bros. | MA: Yes
INV-0507,ready player one,Ready Player One,movie,,,,,,,digital,Fandango at Home,,,,4K UHD,UHD,unmatched,,,,2018,,RT: 71% | Studio: Warner Bros. | MA: Yes
INV-0508,robocop,RoboCop,movie,,,,,,,digital,Fandango at Home,,,,HD,HDX,unmatched,,,,2014,,RT: 50% | Studio: MGM | MA: No
INV-0509,robots,Robots,movie,,,,,,,digital,Fandango at Home,,,,HD,HDX,unmatched,,,,2005,,RT: 64% | Studio: Disney | MA: Yes
INV-0510,rogue one a star wars story,Rogue One: A Star Wars Story,movie,,,,,,,digital,Fandango at Home,,,,HD,HDX,unmatched,,,,2016,,RT: 84% | Studio: Disney | MA: Yes
INV-0511,rudy,Rudy,movie,,,,,,,digital,Fandango at Home,,,,4K UHD,UHD,unmatched,,,,1993,,RT: 80% | Studio: Sony | MA: Yes
INV-0512,sabans power rangers,Saban's Power Rangers,movie,,,,,,,digital,Fandango at Home,,,,HD,HDX,unmatched,,,,2017,,RT: 51% | Studio: Lionsgate | MA: No
INV-0513,serenity,Serenity,movie,,,,,,,digital,Fandango at Home,,,,HD,HDX,unmatched,,,,2005,,RT: 82% | Studio: Universal | MA: Yes
INV-0514,shazam,Shazam!,movie,,,,,,,digital,Fandango at Home,,,,4K UHD,UHD,unmatched,,,,2019,,RT: 90% | Studio: Warner Bros. | MA: Yes
INV-0515,sherlock holmes,Sherlock Holmes,movie,,,,,,,digital,Fandango at Home,,,,HD,HDX,unmatched,,,,2009,,RT: 69% | Studio: Warner Bros. | MA: Yes
INV-0516,sherlock holmes a game of shadows,Sherlock Holmes: A Game of Shadows,movie,,,,,,,digital,Fandango at Home,,,,HD,HDX,unmatched,,,,2011,,RT: 60% | Studio: Warner Bros. | MA: Yes
INV-0517,short circuit,Short Circuit,movie,,,,,,,digital,Fandango at Home,,,,HD,HDX,unmatched,,,,1986,,RT: 62% | Studio: Sony | MA: Yes
INV-0518,short circuit 2,Short Circuit 2,movie,,,,,,,digital,Fandango at Home,,,,HD,HDX,unmatched,,,,1988,,RT: 43% | Studio: Sony | MA: Yes
INV-0519,sin city,Sin City,movie,,,,,,,digital,Fandango at Home,,,,HD,HDX,unmatched,,,,2005,,RT: 76% | Studio: Paramount | MA: No
INV-0520,sin city a dame to kill for,Sin City: A Dame to Kill For,movie,,,,,,,digital,Fandango at Home,,,,HD,HDX,unmatched,,,,2014,,RT: 43% | Studio: Lionsgate | MA: No
INV-0521,sleepy hollow,Sleepy Hollow,movie,,,,,,,digital,Fandango at Home,,,,HD,HDX,unmatched,,,,1999,,RT: 71% | Studio: Paramount | MA: No
INV-0522,slither,Slither,movie,,,,,,,digital,Fandango at Home,,,,HD,HDX,unmatched,,,,2006,,RT: 87% | Studio: Universal | MA: Yes
INV-0523,snow white and the seven dwarfs,Snow White and the Seven Dwarfs,movie,,,,,,,digital,Fandango at Home,,,,HD,HDX,unmatched,,,,1937,,RT: 97% | Studio: Disney | MA: Yes
INV-0524,solo a star wars story,Solo: A Star Wars Story,movie,,,,,,,digital,Fandango at Home,,,,HD,HDX,unmatched,,,,2018,,RT: 69% | Studio: Disney | MA: Yes
INV-0525,spaceballs,Spaceballs,movie,,,,,,,digital,Fandango at Home,,,,HD,HDX,unmatched,,,,1987,,RT: 53% | Studio: MGM | MA: No
INV-0526,speed racer,Speed Racer,movie,,,,,,,digital,Fandango at Home,,,,HD,HDX,unmatched,,,,2008,,RT: 43% | Studio: Warner Bros. | MA: Yes
INV-0527,spiderman far from home,Spider-Man: Far From Home,movie,,,,,,,digital,Fandango at Home,,,,4K UHD,UHD,unmatched,,,,2019,,RT: 91% | Studio: Sony | MA: Yes
INV-0528,spiderman homecoming,Spider-Man: Homecoming,movie,,,,,,,digital,Fandango at Home,,,,4K UHD,UHD,unmatched,,,,2017,,RT: 92% | Studio: Sony | MA: Yes
INV-0529,spiderman into the spiderverse,Spider-Man: Into the Spider-Verse,movie,,,,,,,digital,Fandango at Home,,,,4K UHD,UHD,unmatched,,,,2018,,RT: 97% | Studio: Sony | MA: Yes
INV-0530,spiderman no way home,Spider-Man: No Way Home,movie,,,,,,,digital,Fandango at Home,,,,4K UHD,UHD,unmatched,,,,2021,,RT: 93% | Studio: Sony | MA: Yes
INV-0531,spirit stallion of the cimarron,Spirit: Stallion of the Cimarron,movie,,,,,,,digital,Fandango at Home,,,,HD,HDX,unmatched,,,,2002,,RT: 69% | Studio: Universal | MA: Yes
INV-0532,split,Split,movie,,,,,,,digital,Fandango at Home,,,,HD,HDX,unmatched,,,,2017,,RT: 79% | Studio: Universal | MA: Yes
INV-0533,star trek vi the undiscovered country,Star Trek VI: The Undiscovered Country,movie,,,,,,,digital,Fandango at Home,,,,HD,HDX,unmatched,,,,1991,,RT: 84% | Studio: Paramount | MA: No
INV-0534,star trek into darkness,Star Trek Into Darkness,movie,,,,,,,digital,Fandango at Home,,,,HD,HDX,unmatched,,,,2013,,RT: 84% | Studio: Paramount | MA: No
INV-0535,star trek first contact,Star Trek: First Contact,movie,,,,,,,digital,Fandango at Home,,,,HD,HDX,unmatched,,,,1996,,RT: 93% | Studio: Paramount | MA: No
INV-0536,star wars the force awakens,Star Wars: The Force Awakens,movie,,,,,,,digital,Fandango at Home,,,,HD,HDX,unmatched,,,,2015,,RT: 93% | Studio: Disney | MA: Yes
INV-0537,star wars the last jedi,Star Wars: The Last Jedi,movie,,,,,,,digital,Fandango at Home,,,,HD,HDX,unmatched,,,,2017,,RT: 91% | Studio: Disney | MA: Yes
INV-0538,star wars the rise of skywalker,Star Wars: The Rise of Skywalker,movie,,,,,,,digital,Fandango at Home,,,,HD,HDX,unmatched,,,,2019,,RT: 51% | Studio: Disney | MA: Yes
INV-0539,stir of echoes,Stir of Echoes,movie,,,,,,,digital,Fandango at Home,,,,HD,HDX,unmatched,,,,1999,,RT: 70% | Studio: Lionsgate | MA: No
INV-0540,sucker punch extended,Sucker Punch (Extended),movie,,,,,,,digital,Fandango at Home,,,,4K UHD,UHD,unmatched,,,,2011,,RT: 23% | Studio: Warner Bros. | MA: Yes
INV-0541,sully,Sully,movie,,,,,,,digital,Fandango at Home,,,,HD,HDX,unmatched,,,,2016,,RT: 85% | Studio: Warner Bros. | MA: Yes
INV-0542,super 8,Super 8,movie,,,,,,,digital,Fandango at Home,,,,HD,HDX,unmatched,,,,2011,,RT: 81% | Studio: Paramount | MA: No
INV-0543,superman,Superman,movie,,,,,,,digital,Fandango at Home,,,,HD,HDX,unmatched,,,,2025,,RT: 83% | Studio: Warner Bros. | MA: Yes
INV-0544,tales from the crypt demon knight,Tales from the Crypt: Demon Knight,movie,,,,,,,digital,Fandango at Home,,,,HD,HDX,unmatched,,,,1995,,RT: 45% | Studio: Universal | MA: Yes
INV-0545,teenage mutant ninja turtles,Teenage Mutant Ninja Turtles,movie,,,,,,,digital,Fandango at Home,,,,HD,HDX,unmatched,,,,2014,,RT: 20% | Studio: Paramount | MA: No
INV-0546,teenage mutant ninja turtles out of the shadows,Teenage Mutant Ninja Turtles: Out of the Shadows,movie,,,,,,,digital,Fandango at Home,,,,HD,HDX,unmatched,,,,2016,,RT: 38% | Studio: Paramount | MA: No
INV-0547,terminator 2 judgment day,Terminator 2: Judgment Day,movie,,,,,,,digital,Fandango at Home,,,,HD,HDX,unmatched,,,,1991,,RT: 90% | Studio: Lionsgate | MA: No
INV-0548,terminator 3 rise of the machines,Terminator 3: Rise of the Machines,movie,,,,,,,digital,Fandango at Home,,,,HD,HDX,unmatched,,,,2003,,RT: 70% | Studio: Sony | MA: Yes
INV-0549,terminator salvation directors cut,Terminator Salvation (Director's Cut),movie,,,,,,,digital,Fandango at Home,,,,HD,HDX,unmatched,,,,2009,,RT: 33% | Studio: Warner Bros. | MA: Yes
INV-0550,terminator dark fate,Terminator: Dark Fate,movie,,,,,,,digital,Fandango at Home,,,,HD,HDX,unmatched,,,,2019,,RT: 70% | Studio: Paramount | MA: No
INV-0551,the adjustment bureau,The Adjustment Bureau,movie,,,,,,,digital,Fandango at Home,,,,HD,HDX,unmatched,,,,2011,,RT: 71% | Studio: Universal | MA: Yes
INV-0552,the amazing spiderman,The Amazing Spider-Man,movie,,,,,,,digital,Fandango at Home,,,,HD,HDX,unmatched,,,,2012,,RT: 71% | Studio: Sony | MA: Yes
INV-0553,the amazing spiderman 2,The Amazing Spider-Man 2,movie,,,,,,,digital,Fandango at Home,,,,HD,HDX,unmatched,,,,2014,,RT: 50% | Studio: Sony | MA: Yes
INV-0554,the angry birds movie,The Angry Birds Movie,movie,,,,,,,digital,Fandango at Home,,,,HD,HDX,unmatched,,,,2016,,RT: 44% | Studio: Sony | MA: Yes
INV-0555,the blues brothers,The Blues Brothers,movie,,,,,,,digital,Fandango at Home,,,,4K UHD,UHD,unmatched,,,,1980,,RT: 72% | Studio: Universal | MA: Yes
INV-0556,the cabin in the woods,The Cabin in the Woods,movie,,,,,,,digital,Fandango at Home,,,,HD,HDX,unmatched,,,,2012,,RT: 92% | Studio: Lionsgate | MA: No
INV-0557,the chronicles of narnia prince caspian,The Chronicles of Narnia: Prince Caspian,movie,,,,,,,digital,Fandango at Home,,,,HD,HDX,unmatched,,,,2008,,RT: 66% | Studio: Disney | MA: Yes
INV-0558,the circle,The Circle,movie,,,,,,,digital,Fandango at Home,,,,HD,HDX,unmatched,,,,2017,,RT: 16% | Studio: EuropaCorp | MA: No
INV-0559,the cold light of day,The Cold Light of Day,movie,,,,,,,digital,Fandango at Home,,,,HD,HDX,unmatched,,,,2012,,RT: 4% | Studio: Lionsgate | MA: No
INV-0560,the da vinci code,The Da Vinci Code,movie,,,,,,,digital,Fandango at Home,,,,4K UHD,UHD,unmatched,,,,2006,,RT: 25% | Studio: Sony | MA: Yes
INV-0561,the dark knight,The Dark Knight,movie,,,,,,,digital,Fandango at Home,,,,4K UHD,UHD,unmatched,,,,2009,,RT: 94% | Studio: Warner Bros. | MA: Yes
INV-0562,the dark knight rises,The Dark Knight Rises,movie,,,,,,,digital,Fandango at Home,,,,HD,HDX,unmatched,,,,2012,,RT: 87% | Studio: Warner Bros. | MA: Yes
INV-0563,the dark tower,The Dark Tower,movie,,,,,,,digital,Fandango at Home,,,,HD,HDX,unmatched,,,,2017,,RT: 16% | Studio: Sony | MA: Yes
INV-0564,the goonies,The Goonies,movie,,,,,,,digital,Fandango at Home,,,,HD,HDX,unmatched,,,,1985,,RT: 77% | Studio: Warner Bros. | MA: Yes
INV-0565,the greatest showman,The Greatest Showman,movie,,,,,,,digital,Fandango at Home,,,,HD,HDX,unmatched,,,,2017,,RT: 56% | Studio: Disney | MA: Yes
INV-0566,the hitmans bodyguard,The Hitman's Bodyguard,movie,,,,,,,digital,Fandango at Home,,,,4K UHD,UHD,unmatched,,,,2017,,RT: 44% | Studio: Lionsgate | MA: No
INV-0567,the hobbit the desolation of smaug,The Hobbit: The Desolation of Smaug,movie,,,,,,,digital,Fandango at Home,,,,HD,HDX,unmatched,,,,2013,,RT: 74% | Studio: Warner Bros. | MA: Yes
INV-0568,the hobbit the battle of the five armies,The Hobbit: The Battle of the Five Armies,movie,,,,,,,digital,Fandango at Home,,,,HD,HDX,unmatched,,,,2014,,RT: 59% | Studio: Warner Bros. | MA: Yes
INV-0569,the hunt for red october,The Hunt for Red October,movie,,,,,,,digital,Fandango at Home,,,,HD,HDX,unmatched,,,,1990,,RT: 88% | Studio: Paramount | MA: No
INV-0570,the incredibles,The Incredibles,movie,,,,,,,digital,Fandango at Home,,,,HD,HDX,unmatched,,,,2004,,RT: 97% | Studio: Disney | MA: Yes
INV-0571,the italian job,The Italian Job,movie,,,,,,,digital,Fandango at Home,,,,HD,HDX,unmatched,,,,2003,,RT: 72% | Studio: Paramount | MA: No
INV-0572,the jungle book,The Jungle Book,movie,,,,,,,digital,Fandango at Home,,,,HD,HDX,unmatched,,,,2016,,RT: 94% | Studio: Disney | MA: Yes
INV-0573,the land before time,The Land Before Time,movie,,,,,,,digital,Fandango at Home,,,,HD,HDX,unmatched,,,,1988,,RT: 65% | Studio: Universal | MA: Yes
INV-0574,the last of the mohicans definitive edition,The Last of the Mohicans (Definitive Edition),movie,,,,,,,digital,Fandango at Home,,,,HD,HDX,unmatched,,,,1992,,RT: 88% | Studio: Disney | MA: Yes
INV-0575,the league of extraordinary gentlemen,The League of Extraordinary Gentlemen,movie,,,,,,,digital,Fandango at Home,,,,HD,HDX,unmatched,,,,2003,,RT: 17% | Studio: Disney | MA: Yes
INV-0576,the legend of tarzan,The Legend of Tarzan,movie,,,,,,,digital,Fandango at Home,,,,4K UHD,UHD,unmatched,,,,2016,,RT: 36% | Studio: Warner Bros. | MA: Yes
INV-0577,the lego movie,The LEGO Movie,movie,,,,,,,digital,Fandango at Home,,,,HD,HDX,unmatched,,,,2014,,RT: 96% | Studio: Warner Bros. | MA: Yes
INV-0578,the lego batman movie,The LEGO Batman Movie,movie,,,,,,,digital,Fandango at Home,,,,HD,HDX,unmatched,,,,2017,,RT: 90% | Studio: Warner Bros. | MA: Yes
INV-0579,the lego movie 2 the second part,The LEGO Movie 2: The Second Part,movie,,,,,,,digital,Fandango at Home,,,,HD,HDX,unmatched,,,,2019,,RT: 84% | Studio: Warner Bros. | MA: Yes
INV-0580,the lion king,The Lion King,movie,,,,,,,digital,Fandango at Home,,,,HD,HDX,unmatched,,,,1994,,RT: 92% | Studio: Disney | MA: Yes
INV-0581,the lion king,The Lion King,movie,,,,,,,digital,Fandango at Home,,,,HD,HDX,unmatched,,,,2019,,RT: 52% | Studio: Disney | MA: Yes
INV-0582,the little mermaid,The Little Mermaid,movie,,,,,,,digital,Fandango at Home,,,,HD,HDX,unmatched,,,,1989,,RT: 92% | Studio: Disney | MA: Yes
INV-0583,the lord of the rings the fellowship of the ring extended,The Lord of the Rings: The Fellowship of the Ring (Extended),movie,,,,,,,digital,Fandango at Home,,,,HD,HDX,unmatched,,,,2002,,RT: 91% | Studio: Warner Bros. | MA: Yes
INV-0584,the lord of the rings the two towers extended,The Lord of the Rings: The Two Towers (Extended),movie,,,,,,,digital,Fandango at Home,,,,HD,HDX,unmatched,,,,2003,,RT: 95% | Studio: Warner Bros. | MA: Yes
INV-0585,the lord of the rings the return of the king extended,The Lord of the Rings: The Return of the King (Extended),movie,,,,,,,digital,Fandango at Home,,,,4K UHD,UHD,unmatched,,,,2004,,RT: 94% | Studio: Warner Bros. | MA: Yes
INV-0586,the lost boys,The Lost Boys,movie,,,,,,,digital,Fandango at Home,,,,4K UHD,UHD,unmatched,,,,1987,,RT: 75% | Studio: Warner Bros. | MA: Yes
INV-0587,the martian,The Martian,movie,,,,,,,digital,Fandango at Home,,,,HD,HDX,unmatched,,,,2015,,RT: 91% | Studio: Disney | MA: Yes
INV-0588,the meg,The Meg,movie,,,,,,,digital,Fandango at Home,,,,4K UHD,UHD,unmatched,,,,2018,,RT: 47% | Studio: Warner Bros. | MA: Yes
INV-0589,the mountain between us,The Mountain Between Us,movie,,,,,,,digital,Fandango at Home,,,,HD,HDX,unmatched,,,,2017,,RT: 39% | Studio: Disney | MA: Yes
INV-0590,the mummy,The Mummy,movie,,,,,,,digital,Fandango at Home,,,,HD,HDX,unmatched,,,,1999,,RT: 64% | Studio: Universal | MA: Yes
INV-0591,the mummy returns,The Mummy Returns,movie,,,,,,,digital,Fandango at Home,,,,HD,HDX,unmatched,,,,2001,,RT: 46% | Studio: Universal | MA: Yes
INV-0592,the mummy,The Mummy,movie,,,,,,,digital,Fandango at Home,,,,HD,HDX,unmatched,,,,2017,,RT: 15% | Studio: Universal | MA: Yes
INV-0593,the muppets,The Muppets,movie,,,,,,,digital,Fandango at Home,,,,HD,HDX,unmatched,,,,2011,,RT: 95% | Studio: Disney | MA: Yes
INV-0594,the nightmare before christmas,The Nightmare Before Christmas,movie,,,,,,,digital,Fandango at Home,,,,HD,HDX,unmatched,,,,1993,,RT: 95% | Studio: Disney | MA: Yes
INV-0595,the nutcracker and the four realms,The Nutcracker and the Four Realms,movie,,,,,,,digital,Fandango at Home,,,,HD,HDX,unmatched,,,,2018,,RT: 32% | Studio: Disney | MA: Yes
INV-0596,the peanuts movie,The Peanuts Movie,movie,,,,,,,digital,Fandango at Home,,,,HD,HDX,unmatched,,,,2015,,RT: 87% | Studio: Disney | MA: Yes
INV-0597,the phantom of the opera,The Phantom of the Opera,movie,,,,,,,digital,Fandango at Home,,,,HD,HDX,unmatched,,,,2004,,RT: 32% | Studio: Warner Bros. | MA: Yes
INV-0598,the polar express,The Polar Express,movie,,,,,,,digital,Fandango at Home,,,,HD,HDX,unmatched,,,,2004,,RT: 55% | Studio: Warner Bros. | MA: Yes
INV-0599,the predator,The Predator,movie,,,,,,,digital,Fandango at Home,,,,HD,HDX,unmatched,,,,2018,,RT: 34% | Studio: Disney | MA: Yes
INV-0600,the revenant,The Revenant,movie,,,,,,,digital,Fandango at Home,,,,HD,HDX,unmatched,,,,2016,,RT: 78% | Studio: Disney | MA: Yes
INV-0601,the secret of nimh,The Secret of NIMH,movie,,,,,,,digital,Fandango at Home,,,,HD,HDX,unmatched,,,,1982,,RT: 93% | Studio: MGM | MA: No
INV-0602,the tale of despereaux,The Tale of Despereaux,movie,,,,,,,digital,Fandango at Home,,,,HD,HDX,unmatched,,,,2008,,RT: 56% | Studio: Universal | MA: Yes
INV-0603,thor,Thor,movie,,,,,,,digital,Fandango at Home,,,,HD,HDX,unmatched,,,,2011,,RT: 77% | Studio: Disney | MA: Yes
INV-0604,thor the dark world,Thor: The Dark World,movie,,,,,,,digital,Fandango at Home,,,,HD,HDX,unmatched,,,,2013,,RT: 67% | Studio: Disney | MA: Yes
INV-0605,thor ragnarok,Thor: Ragnarok,movie,,,,,,,digital,Fandango at Home,,,,HD,HDX,unmatched,,,,2017,,RT: 93% | Studio: Disney | MA: Yes
INV-0606,titanic,Titanic,movie,,,,,,,digital,Fandango at Home,,,,HD,HDX,unmatched,,,,1997,,RT: 88% | Studio: Paramount | MA: No
INV-0607,tomb raider,Tomb Raider,movie,,,,,,,digital,Fandango at Home,,,,HD,HDX,unmatched,,,,2018,,RT: 52% | Studio: MGM | MA: No
INV-0608,trick r treat,Trick 'r Treat,movie,,,,,,,digital,Fandango at Home,,,,HD,HDX,unmatched,,,,2007,,RT: 82% | Studio: Warner Bros. | MA: Yes
INV-0609,trolls,Trolls,movie,,,,,,,digital,Fandango at Home,,,,HD,HDX,unmatched,,,,2016,,RT: 76% | Studio: Universal | MA: Yes
INV-0610,tron legacy,Tron: Legacy,movie,,,,,,,digital,Fandango at Home,,,,HD,HDX,unmatched,,,,2010,,RT: 51% | Studio: Disney | MA: Yes
INV-0611,unbreakable,Unbreakable,movie,,,,,,,digital,Fandango at Home,,,,HD,HDX,unmatched,,,,2000,,RT: 71% | Studio: Disney | MA: Yes
INV-0612,uncle drew,Uncle Drew,movie,,,,,,,digital,Fandango at Home,,,,HD,HDX,unmatched,,,,2018,,RT: 62% | Studio: Lionsgate | MA: No
INV-0613,underworld awakening,Underworld: Awakening,movie,,,,,,,digital,Fandango at Home,,,,4K UHD,UHD,unmatched,,,,2012,,RT: 26% | Studio: Sony | MA: Yes
INV-0614,underworld blood wars,Underworld: Blood Wars,movie,,,,,,,digital,Fandango at Home,,,,4K UHD,UHD,unmatched,,,,2017,,RT: 21% | Studio: Sony | MA: Yes
INV-0615,unforgettable,Unforgettable,movie,,,,,,,digital,Fandango at Home,,,,HD,HDX,unmatched,,,,2017,,RT: 29% | Studio: Warner Bros. | MA: Yes
INV-0616,up,Up,movie,,,,,,,digital,Fandango at Home,,,,HD,HDX,unmatched,,,,2009,,RT: 98% | Studio: Disney | MA: Yes
INV-0617,valerian and the city of a thousand planets,Valerian and the City of a Thousand Planets,movie,,,,,,,digital,Fandango at Home,,,,HD,HDX,unmatched,,,,2017,,RT: 47% | Studio: Lionsgate | MA: No
INV-0618,van helsing,Van Helsing,movie,,,,,,,digital,Fandango at Home,,,,HD,HDX,unmatched,,,,2004,,RT: 24% | Studio: Universal | MA: Yes
INV-0619,venom,Venom,movie,,,,,,,digital,Fandango at Home,,,,4K UHD,UHD,unmatched,,,,2018,,RT: 31% | Studio: Sony | MA: Yes
INV-0620,venom let there be carnage,Venom: Let There Be Carnage,movie,,,,,,,digital,Fandango at Home,,,,4K UHD,UHD,unmatched,,,,2021,,RT: 58% | Studio: Sony | MA: Yes
INV-0621,venom the last dance,Venom: The Last Dance,movie,,,,,,,digital,Fandango at Home,,,,4K UHD,UHD,unmatched,,,,2024,,RT: 40% | Studio: Sony | MA: Yes
INV-0622,warcraft,Warcraft,movie,,,,,,,digital,Fandango at Home,,,,4K UHD,UHD,unmatched,,,,2016,,Studio: Universal | MA: Yes
INV-0623,watchmen directors cut,Watchmen (Director's Cut),movie,,,,,,,digital,Fandango at Home,,,,HD,HDX,unmatched,,,,2009,,RT: 64% | Studio: Warner Bros. | MA: Yes
INV-0624,why him,Why Him?,movie,,,,,,,digital,Fandango at Home,,,,HD,HDX,unmatched,,,,2016,,RT: 40% | Studio: Disney | MA: Yes
INV-0625,wonder woman,Wonder Woman,movie,,,,,,,digital,Fandango at Home,,,,HD,HDX,unmatched,,,,2009,,RT: 85% | Studio: Warner Bros. | MA: Yes
INV-0626,wonder woman,Wonder Woman,movie,,,,,,,digital,Fandango at Home,,,,HD,HDX,unmatched,,,,2017,,RT: 93% | Studio: Warner Bros. | MA: Yes
INV-0627,wreckit ralph,Wreck-It Ralph,movie,,,,,,,digital,Fandango at Home,,,,HD,HDX,unmatched,,,,2013,,RT: 87% | Studio: Disney | MA: Yes
INV-0628,xmen first class,X-Men: First Class,movie,,,,,,,digital,Fandango at Home,,,,SD,SD,unmatched,,,,2011,,RT: 86% | Studio: Disney | MA: Yes
INV-0629,xmen days of future past,X-Men: Days of Future Past,movie,,,,,,,digital,Fandango at Home,,,,HD,HDX,unmatched,,,,2014,,RT: 90% | Studio: Disney | MA: Yes
INV-0630,xmen apocalypse,X-Men: Apocalypse,movie,,,,,,,digital,Fandango at Home,,,,HD,HDX,unmatched,,,,2016,,RT: 47% | Studio: Disney | MA: Yes
INV-0631,xmen dark phoenix,X-Men: Dark Phoenix,movie,,,,,,,digital,Fandango at Home,,,,HD,HDX,unmatched,,,,2019,,RT: 22% | Studio: Disney | MA: Yes
INV-0632,zero dark thirty,Zero Dark Thirty,movie,,,,,,,digital,Fandango at Home,,,,SD,SD,unmatched,,,,2013,,RT: 91% | Studio: Sony | MA: Yes
INV-0633,zombieland,Zombieland,movie,,,,,,,digital,Fandango at Home,,,,HD,HDX,unmatched,,,,2009,,RT: 89% | Studio: Sony | MA: Yes
INV-0634,zootopia,Zootopia,movie,,,,,,,digital,Fandango at Home,,,,HD,HDX,unmatched,,,,2016,,RT: 98% | Studio: Disney | MA: Yes
INV-0635,godzilla a whole new level of destruction,Godzilla: A Whole New Level of Destruction,extra,,,,,,,digital,Fandango at Home,,,,HD,HDX,unmatched,,,,2014,,Studio: Warner Bros. | MA: Yes
INV-0636,godzilla ancient enemy the mutos,Godzilla: Ancient Enemy - The M.U.T.O.s,extra,,,,,,,digital,Fandango at Home,,,,HD,HDX,unmatched,,,,2014,,Studio: Warner Bros. | MA: Yes
INV-0637,godzilla force of nature,Godzilla: Force of Nature,extra,,,,,,,digital,Fandango at Home,,,,HD,HDX,unmatched,,,,2014,,Studio: Warner Bros. | MA: Yes
INV-0638,godzilla into the void the halo jump,Godzilla: Into the Void - The H.A.L.O. Jump,extra,,,,,,,digital,Fandango at Home,,,,HD,HDX,unmatched,,,,2014,,Studio: Warner Bros. | MA: Yes
INV-0639,godzilla monarch the muto file,Godzilla: MONARCH - The M.U.T.O File,extra,,,,,,,digital,Fandango at Home,,,,HD,HDX,unmatched,,,,2014,,Studio: Warner Bros. | MA: Yes
INV-0640,godzilla operation lucky dragon,Godzilla: Operation - Lucky Dragon,extra,,,,,,,digital,Fandango at Home,,,,HD,HDX,unmatched,,,,2014,,Studio: Warner Bros. | MA: Yes
INV-0641,godzilla the godzilla revelation,Godzilla: The Godzilla Revelation,extra,,,,,,,digital,Fandango at Home,,,,HD,HDX,unmatched,,,,2014,,Studio: Warner Bros. | MA: Yes
INV-0642,300 rise of an empire 3 days in hell,300: Rise of an Empire - 3 Days in Hell,extra,,,,,,,digital,Fandango at Home,,,,HD,HDX,unmatched,,,,2014,,Studio: Warner Bros. | MA: Yes
INV-0643,300 rise of an empire a new breed of hero,300: Rise of an Empire - A New Breed of Hero,extra,,,,,,,digital,Fandango at Home,,,,HD,HDX,unmatched,,,,2014,,Studio: Warner Bros. | MA: Yes
INV-0644,300 rise of an empire savage warships,300: Rise of an Empire - Savage Warships,extra,,,,,,,digital,Fandango at Home,,,,HD,HDX,unmatched,,,,2014,,Studio: Warner Bros. | MA: Yes
